word	source_rows	source_forms
abandon	2	abandon
abbreviation	3	abbreviation
abide	4	abide
ability	5	ability
able	5	able
abnormal	6	abnormal
aboard	7	aboard
abolish	8	abolish
abolition	8	abolition
abort	9	abort
abortion	9	abortion
about	10	about
above	11	above
abreast	12	abreast
abroad	13	abroad
abrupt	14	abrupt
absence	15	absence
absent	15	absent
absolute	16	absolute
absorb	17	absorb
absorption	17	absorption
abstract	18	abstract
absurd	19	absurd
absurdity	19	absurdity
abundance	20	abundance
abundant	20	abundant
abuse	21	abuse
abusive	21	abusive
academic	22	academic
academician	22	academician
academy	22	academy
accelerate	23	accelerate
acceleration	23	acceleration
accent	24	accent
accept	25	accept
acceptable	25	acceptable
acceptance	25	acceptance
access	26	access
accessible	26	accessible
accessory	27	accessory
accident	28	accident
accidental	28	accidental
acclaim	29	acclaim
accommodate	30	accommodate
accommodation	30	accommodation
accompany	31	accompany
accomplish	32	accomplish
accomplishment	32	accomplishment
accord	33	accord
accordance	34	accordance
according	35	according
accordingly	36	accordingly
account	37	account
accountability	38	accountability
accountable	38	accountable
accountancy	37	accountancy
accountant	37	accountant
accounting	37	accounting
accumulate	39	accumulate
accumulation	39	accumulation
accumulative	39	accumulative
accuracy	40	accuracy
accurate	40	accurate
accusation	41	accusation
accuse	41	accuse
accustom	42	accustom
accustomed	42	accustomed
ace	43	ace
ache	44	ache
achieve	45	achieve
achievement	45	achievement
acid	46	acid
acidity	46	acidity
acknowledge	47	acknowledge
acknowledgement	47	acknowledgement
acquaint	48	acquaint
acquaintance	48	acquaintance
acquire	49	acquire
acquisition	49	acquisition
acre	50	acre
across	51	across
act	52	act
acting	52	acting
action	52	action
activate	53	activate
active	54	active
activist	54	activist
activity	54	activity
actor	55	actor
actress	55	actress
actual	56	actual
actually	56	actually
acupuncture	57	acupuncture
acute	58	acute
adapt	59	adapt
adaptation	59	adaptation
adaptive	59	adaptive
add	60	add
addict	61	addict
addiction	61	addiction
addictive	61	addictive
addition	60	addition
additional	60	additional
address	62	address
adequacy	63	adequacy
adequate	63	adequate
adequately	63	adequately
adhere	64	adhere
adherence	64	adherence
adjacent	65	adjacent
adjective	66	adjective
adjust	67	adjust
adjustment	67	adjustment
administration	68	administration
administrative	68	administrative
admirable	69	admirable
admiration	69	admiration
admire	69	admire
admission	70	admission
admit	70	admit
admittance	70	admittance
admittedly	70	admittedly
adolescence	71	adolescence
adolescent	71	adolescent
adopt	72	adopt
adoption	72	adoption
adorable	73	adorable
adore	73	adore
adult	74	adult
adulthood	74	adulthood
advance	75	advance
advanced	75	advanced
advancement	75	advancement
advantage	76	advantage
advantageous	76	advantageous
advent	77	advent
adventure	78	adventure
adventurer	78	adventurer
adventurous	78	adventurous
adverb	79	adverb
adversary	80	adversary
adverse	81	adverse
adversity	81	adversity
advertise	82	advertise
advertising	82	advertising
advice	83	advice
advisable	84	advisable
advise	84	advise
advisory	84	advisory
advocacy	85	advocacy
advocate	85	advocate
aerial	86	aerial
aesthetic	87	aesthetic
aesthetics	87	aesthetics
affair	88	affair
affect	89	affect
affection	90	affection
affectionate	90	affectionate
affiliate	91	affiliate
affiliation	91	affiliation
affirm	92	affirm
affirmation	92	affirmation
affirmative	92	affirmative
affix	93	affix
affixation	93	affixation
affluence	94	affluence
affluent	94	affluent
afford	95	afford
affordability	95	affordability
affordable	95	affordable
afloat	96	afloat
afraid	97	afraid
after	98	after
aftermath	99	aftermath
afternoon	100	afternoon
again	102	again
against	103	against
age	104	age
aged	104	aged
agency	106	agency
agenda	105	agenda
agent	106	agent
aggravate	107	aggravate
aggravation	107	aggravation
aggregate	108	aggregate
aggression	109	aggression
aggressive	109	aggressive
agitate	110	agitate
agitation	110	agitation
ago	111	ago
agony	112	agony
agree	113	agree
agreeable	113	agreeable
agreement	113	agreement
agricultural	114	agricultural
agriculture	114	agriculture
ahead	115	ahead
aid	116	aid
aide	117	aide
aids	118	AIDS
ail	119	ail
ailment	119	ailment
aim	120	aim
air	121	air
air-conditioner	123	air-conditioner
air-conditioning	123	air-conditioning
airborne	122	airborne
aircraft	124	aircraft
airline	125	airline
airport	127	airport
aisle	128	aisle
akin	129	akin
alarm	130	alarm
album	131	album
alcohol	132	alcohol
alcoholic	132	alcoholic
ale	133	ale
alert	134	alert
algebra	135	algebra
alien	136	alien
alienate	136	alienate
alienation	136	alienation
align	137	align
alignment	137	alignment
alike	138	alike
alive	139	alive
all	140	all
allegation	141	allegation
allege	141	allege
alleged	141	alleged
allegedly	141	allegedly
allergic	142	allergic
allergy	142	allergy
alleviate	143	alleviate
alleviation	143	alleviation
alley	144	alley
alliance	152	alliance
allocate	145	allocate
allocation	145	allocation
allot	146	allot
allotment	146	allotment
allow	147	allow
allowance	148	allowance
alloy	149	alloy
allude	150	allude
allure	151	allure
allurement	151	allurement
allusion	150	allusion
ally	152	ally
almighty	153	almighty
almost	154	almost
aloft	155	aloft
alone	156	alone
along	157	along
alongside	158	alongside
aloud	159	aloud
alphabet	160	alphabet
already	161	already
also	162	also
alter	163	alter
alteration	163	alteration
alternate	164	alternate
alternately	164	alternately
alternation	164	alternation
alternative	165	alternative
although	166	although
altitude	167	altitude
altogether	168	altogether
always	170	always
am	171	am
amass	172	amass
amateur	173	amateur
amaze	174	amaze
amazement	174	amazement
amazing	174	amazing
ambassador	175	ambassador
ambiguity	176	ambiguity
ambiguous	176	ambiguous
ambition	177	ambition
ambitious	177	ambitious
ambulance	178	ambulance
amend	179	amend
amendment	179	amendment
amiable	180	amiable
ammunition	182	ammunition
amount	184	amount
ample	185	ample
amplification	186	amplification
amplify	186	amplify
amuse	187	amuse
amusement	187	amusement
amusing	187	amusing
analogous	188	analogous
analogue	188	analogue
analogy	189	analogy
analysis	190	analysis
analyst	190	analyst
ancestor	191	ancestor
ancestry	191	ancestry
anchor	192	anchor
anchorage	192	anchorage
ancient	193	ancient
and	194	and
anecdotal	195	anecdotal
anecdote	195	anecdote
anew	196	anew
angel	197	angel
anger	199	anger
angle	198	angle
angry	199	angry
anguish	200	anguish
animal	201	animal
animate	202	animate
animated	202	animated
animation	202	animation
ankle	203	ankle
annex	204	annex
annexation	204	annexation
anniversary	205	anniversary
announce	206	announce
announcement	206	announcement
annoy	207	annoy
annoyance	207	annoyance
annual	208	annual
anonymity	209	anonymity
anonymous	209	anonymous
another	210	another
answer	211	answer
ant	212	ant
antagonism	213	antagonism
antagonist	213	antagonist
antagonistic	213	antagonistic
antagonistically	213	antagonistically
antenna	214	antenna
antibiotic	215	antibiotic
anticipate	216	anticipate
anticipation	216	anticipation
antique	217	antique
antonym	218	antonym
anxiety	219	anxiety
anxious	219	anxious
any	220	any
anyhow	222	anyhow
anything	223	anything
anyway	224	anyway
anywhere	225	anywhere
apart	226	apart
ape	228	ape
apologetic	229	apologetic
apology	229	apology
app	230	app
appalling	231	appalling
apparatus	232	apparatus
apparent	233	apparent
apparently	233	apparently
appeal	234	appeal
appealing	234	appealing
appear	235	appear
appearance	235	appearance
appease	236	appease
appeasement	236	appeasement
appendix	237	appendix
appetite	238	appetite
applaud	239	applaud
applause	239	applause
apple	240	apple
appliance	241	appliance
applicable	242	applicable
applicant	242	applicant
application	242	application
apply	242	apply
appoint	243	appoint
appointment	243	appointment
appraisal	244	appraisal
appraise	244	appraise
appreciate	245	appreciate
appreciation	245	appreciation
appreciative	245	appreciative
apprentice	246	apprentice
approach	247	approach
appropriate	248,249	appropriate²,appropriate¹
appropriation	249	appropriation
approval	250	approval
approve	250	approve
approximate	251	approximate
approximately	251	approximately
approximation	251	approximation
april	252	April
apron	253	apron
apt	254	apt
aptitude	255	aptitude
aptly	254	aptly
arbitrarily	256	arbitrarily
arbitrary	256	arbitrary
arbitrate	257	arbitrate
arbitration	257	arbitration
arc	258	arc
arch	259	arch
architect	260	architect
architecture	261	architecture
archive	262	archive
ardent	263	ardent
area	264	area
arena	265	arena
arguable	266	arguable
argue	266	argue
argument	266	argument
argumentation	266	argumentation
argumentative	266	argumentative
arise	267	arise
aristocracy	268	aristocracy
aristocrat	268	aristocrat
aristocratic	268	aristocratic
arithmetic	269	arithmetic
arm	270	arm
armament	270	armament
army	272	army
around	273	around
arousal	274	arousal
arouse	274	arouse
arrange	275	arrange
arrangement	275	arrangement
array	276	array
arrest	277	arrest
arrival	278	arrival
arrive	278	arrive
arrogance	279	arrogance
arrogant	279	arrogant
arrow	280	arrow
art	281	art
artery	282	artery
article	283	article
articulate	284	articulate
articulation	284	articulation
artifact	285	artifact
artificial	286	artificial
artillery	287	artillery
artist	281	artist
artistic	281	artistic
artistically	281	artistically
as	288	as
ascend	289	ascend
ascendance	289	ascendance
ascertain	290	ascertain
ascribe	291	ascribe
ash	292	ash
ashamed	293	ashamed
ashore	294	ashore
aside	295	aside
ask	296	ask
asleep	297	asleep
aspect	298	aspect
aspiration	299	aspiration
aspire	299	aspire
ass	300	ass
assassin	301	assassin
assassinate	301	assassinate
assassination	301	assassination
assault	302	assault
assemble	303	assemble
assembly	303	assembly
assert	304	assert
assertion	304	assertion
assertive	304	assertive
assess	305	assess
assessment	305	assessment
asset	306	asset
assign	307	assign
assignment	307	assignment
assimilate	308	assimilate
assimilation	308	assimilation
assist	309	assist
assistance	309	assistance
assistant	309	assistant
associate	310	associate
association	310	association
assorted	311	assorted
assortment	312	assortment
assume	313	assume
assumption	313	assumption
assurance	314	assurance
assure	314	assure
astonish	315	astonish
astonishment	315	astonishment
astray	316	astray
astronaut	317	astronaut
astronomer	318	astronomer
astronomical	318	astronomical
astronomy	318	astronomy
asylum	319	asylum
at	320	at
athlete	321	athlete
athletic	321	athletic
atlas	322	atlas
atmosphere	323	atmosphere
atmospheric	323	atmospheric
atom	324	atom
atomic	324	atomic
atop	325	atop
atrocious	326	atrocious
atrocity	326	atrocity
attach	327	attach
attachment	327	attachment
attack	328	attack
attain	329	attain
attainment	329	attainment
attempt	330	attempt
attend	331	attend
attendance	331	attendance
attendant	331	attendant
attention	332	attention
attentive	332	attentive
attic	333	attic
attitude	334	attitude
attorney	335	attorney
attract	336	attract
attraction	336	attraction
attractive	336	attractive
attributable	337	attributable
attribute	337	attribute
attributive	337	attributive
auction	338	auction
auctioneer	338	auctioneer
audience	339	audience
audio	340	audio
audit	341	audit
auditing	341	auditing
auditor	341	auditor
auditorium	342	auditorium
augment	343	augment
augmentation	343	augmentation
august	344	August
aunt	345	aunt
auntie	345	auntie
authentic	346	authentic
authenticity	346	authenticity
author	347	author
authoritative	348	authoritative
authority	348	authority
autobiography	351	autobiography
automate	352	automate
automatic	352	automatic
automatically	352	automatically
automation	352	automation
autonomous	353	autonomous
autonomy	353	autonomy
autumn	354	autumn
auxiliary	355	auxiliary
avail	356	avail
availability	357	availability
available	357	available
avenge	358	avenge
avenue	359	avenue
average	360	average
aversion	361	aversion
avert	361	avert
aviation	362	aviation
avoid	363	avoid
avoidance	363	avoidance
await	364	await
awake	365	awake
award	366	award
aware	367	aware
awareness	367	awareness
away	368	away
awe	369	awe
awesome	370	awesome
awful	371	awful
awkward	372	awkward
axis	374	axis
baby	375	baby
babyboom	376	babyboom
babyboomer	376	babyboomer
bachelor	377	bachelor
back	378	back
background	379	background
backup	380	backup
backward	381	backward
backwards	381	backwards
backyard	382	backyard
bacon	383	bacon
bacteria	384	bacteria
bad	385	bad
badge	386	badge
badly	387	badly
badminton	388	badminton
baffle	389	baffle
bag	390	bag
baggage	391	baggage
bail	392	bail
bait	393	bait
bake	394	bake
bakery	394	bakery
balance	395	balance
balcony	396	balcony
bald	397	bald
ball	398	ball
ballet	399	ballet
balloon	400	balloon
ballot	401	ballot
bamboo	402	bamboo
ban	403	ban
banana	404	banana
band	405	band
bandage	406	bandage
bang	407	bang
bank	408,409	bank²,bank¹
banker	408	banker
banking	408	banking
banknote	410	banknote
bankrupt	411	bankrupt
bankruptcy	411	bankruptcy
banner	412	banner
banquet	413	banquet
bar	414	bar
barber	416	barber
bare	417	bare
barely	417	barely
bargain	418	bargain
barge	419	barge
bark	420	bark
barn	421	barn
barometer	422	barometer
barracks	423	barracks
barrel	424	barrel
barren	425	barren
barrier	426	barrier
base	427	base
baseball	428	baseball
basement	429	basement
basic	430	basic
basically	430	basically
basin	431	basin
basis	432	basis
basket	433	basket
basketball	434	basketball
bass	435	bass
bat	436	bat
batch	437	batch
bath	438	bath
bathe	439	bathe
bathroom	440	bathroom
battalion	441	battalion
batter	442	batter
battery	443	battery
battle	444	battle
bay	445	bay
be	446	be
beach	447	beach
bead	448	bead
beak	449	beak
beam	450	beam
bean	451	bean
bear	452	bear
beard	453	beard
bearing	454	bearing
beast	455	beast
beat	456	beat
beautiful	457	beautiful
beautify	457	beautify
beauty	457	beauty
because	458	because
beckon	459	beckon
become	460	become
bed	461	bed
bedding	461	bedding
bee	462	bee
beef	463	beef
beer	464	beer
beetle	465	beetle
before	466	before
beforehand	467	beforehand
beg	468	beg
beggar	468	beggar
begin	469	begin
beginning	469	beginning
behalf	470	behalf
behave	471	behave
behind	472	behind
being	473	being
belief	474	belief
believe	475	believe
bell	476	bell
belly	477	belly
belong	478	belong
belongings	478	belongings
beloved	479	beloved
below	480	below
belt	481	belt
bench	482	bench
bend	483	bend
beneath	484	beneath
beneficial	485	beneficial
beneficiary	485	beneficiary
benefit	485	benefit
benevolence	486	benevolence
benevolent	486	benevolent
benign	487	benign
berry	488	berry
beset	489	beset
beside	490	beside
besides	491	besides
besiege	492	besiege
best	493	best
best-seller	494	best-seller
best-selling	494	best-selling
bet	495	bet
betray	496	betray
betrayal	496	betrayal
better	497	better
between	498	between
beverage	499	beverage
beware	500	beware
bewilder	501	bewilder
bewilderment	501	bewilderment
beyond	502	beyond
bias	503	bias
bible	504	Bible
bibliography	505	bibliography
bid	507	bid
big	508	big
bilateral	509	bilateral
bill	510	bill
billion	511	billion
billionaire	511	billionaire
bin	512	bin
bind	513	bind
binoculars	514	binoculars
biochemical	515	biochemical
biochemist	515	biochemist
biochemistry	515	biochemistry
biographer	516	biographer
biographical	516	biographical
biography	516	biography
biological	517	biological
biologist	517	biologist
biology	517	biology
biotechnology	518	biotechnology
bird	519	bird
birth	520	birth
birthday	521	birthday
biscuit	522	biscuit
bishop	523	bishop
bit	524	bit
bitch	525	bitch
bite	526	bite
bitter	527	bitter
bizarre	528	bizarre
black	529	black
blackboard	530	blackboard
blackmail	531	blackmail
blade	532	blade
blame	533	blame
blank	534	blank
blanket	535	blanket
blast	536	blast
blaze	537	blaze
bleach	538	bleach
bleak	539	bleak
bleed	540	bleed
blend	541	blend
bless	542	bless
blessing	542	blessing
blind	543	blind
blink	544	blink
bloc	545	bloc
block	546	block
blog	547	blog
blood	549	blood
bloody	549	bloody
bloom	550	bloom
blossom	551	blossom
blouse	552	blouse
blow	553	blow
blue	554	blue
blueprint	555	blueprint
bluff	556	bluff
blunder	557	blunder
blunt	558	blunt
blur	559	blur
blush	560	blush
board	561	board
boast	562	boast
boastful	562	boastful
boat	563	boat
bodily	564	bodily
body	564	body
boil	565	boil
boiler	565	boiler
bold	566	bold
bolster	567	bolster
bolt	568	bolt
bomb	569	bomb
bond	570	bond
bondage	570	bondage
bone	571	bone
bonus	572	bonus
bony	571	bony
book	573	book
boom	574	boom
boost	575	boost
boot	576	boot
booth	577	booth
border	578	border
bore	579,580	bore²,bore¹
boring	579	boring
born	581	born
borrow	582	borrow
boss	583	boss
botanical	584	botanical
botany	584	botany
both	585	both
bother	586	bother
bottle	587	bottle
bottom	588	bottom
bounce	589	bounce
bound	590,591,592	bound²,bound³,bound¹
boundary	593	boundary
bouquet	594	bouquet
bout	595	bout
bow	596,597	bow²,bow¹
bowel	598	bowel
bowl	599	bowl
box	600,601	box²,box¹
boxing	602	boxing
boy	603	boy
boycott	604	boycott
brace	605	brace
bracket	606	bracket
brag	607	brag
brain	608	brain
brake	609	brake
branch	610	branch
brand	611	brand
brand-new	612	brand-new
brandy	613	brandy
brass	614	brass
brave	615	brave
bravery	615	bravery
breach	616	breach
bread	617	bread
breadth	641	breadth
break	618	break
breakdown	619	breakdown
breakfast	620	breakfast
breakthrough	621	breakthrough
breast	622	breast
breath	623	breath
breathe	624	breathe
breed	625	breed
breeze	626	breeze
brew	627	brew
brewery	627	brewery
bribe	628	bribe
bribery	628	bribery
brick	629	brick
bride	630	bride
bridegroom	631	bridegroom
bridge	632	bridge
brief	633	brief
briefcase	634	briefcase
briefing	633	briefing
brigade	635	brigade
bright	636	bright
brighten	636	brighten
brilliance	637	brilliance
brilliant	637	brilliant
bring	638	bring
brink	639	brink
brisk	640	brisk
broad	641	broad
broadcast	642	broadcast
broaden	641	broaden
brochure	643	brochure
broke	644	broke
broker	645	broker
bronze	646	bronze
brood	647	brood
broom	648	broom
brother	649	brother
brow	650	brow
brown	651	brown
browse	652	browse
browser	652	browser
bruise	653	bruise
brunch	654	brunch
brush	655	brush
brutal	656	brutal
brutality	656	brutality
bubble	657	bubble
buck	658	buck
bucket	659	bucket
buckle	660	buckle
bud	661	bud
buddhism	663	Buddhism
buddhist	663	Buddhist
buddy	662	buddy
budget	664	budget
budgetary	664	budgetary
buffalo	665	buffalo
buffer	666	buffer
buffet	667	buffet
bug	668	bug
build	669	build
building	669	building
bulb	670	bulb
bulk	671	bulk
bulky	671	bulky
bull	672	bull
bullet	673	bullet
bulletin	674	bulletin
bully	675	bully
bump	676	bump
bumper	677	bumper
bunch	678	bunch
bundle	679	bundle
burden	680	burden
bureau	681	bureau
bureaucracy	682	bureaucracy
bureaucrat	682	bureaucrat
bureaucratic	682	bureaucratic
burglar	683	burglar
burglary	683	burglary
burial	686	burial
burn	684	burn
burst	685	burst
bury	686	bury
bus	687	bus
bush	688	bush
bushy	688	bushy
business	689	business
businessman	690	businessman
bust	691	bust
busy	692	busy
but	693	but
butcher	694	butcher
butt	695	butt
butter	696	butter
butterfly	697	butterfly
button	698	button
buy	699	buy
buyer	699	buyer
buzz	700	buzz
by	701	by
bypass	702	bypass
bystander	703	bystander
cab	704	cab
cabbage	705	cabbage
cabin	706	cabin
cabinet	707	cabinet
cable	708	cable
cafe	709	cafe
cafeteria	710	cafeteria
cage	711	cage
cake	712	cake
calcium	713	calcium
calculate	714	calculate
calculating	714	calculating
calculation	714	calculation
calculator	714	calculator
calendar	715	calendar
calf	716	calf
call	717	call
calling	718	calling
calm	719	calm
calorie	720	calorie
camel	721	camel
camera	722	camera
camp	723	camp
campaign	724	campaign
campus	725	campus
can	726,727	can²,can¹
canal	728	canal
cancel	729	cancel
cancellation	729	cancellation
cancer	730	cancer
candidacy	731	candidacy
candidate	731	candidate
candle	732	candle
candy	733	candy
cane	734	cane
cannon	735	cannon
canoe	736	canoe
canteen	737	canteen
canvas	738	canvas
cap	739	cap
capability	740	capability
capable	740	capable
capacity	741	capacity
cape	742	cape
capital	743	capital
capitalism	743	capitalism
capitalist	743	capitalist
capsule	744	capsule
captain	745	captain
caption	746	caption
captive	747	captive
capture	748	capture
car	749	car
caravan	750	caravan
carbohydrate	751	carbohydrate
carbon	752	carbon
card	753	card
cardboard	754	cardboard
cardinal	755	cardinal
care	756	care
career	757	career
careful	756	careful
careless	756	careless
cargo	758	cargo
carpenter	759	carpenter
carpet	760	carpet
carriage	761	carriage
carrier	762	carrier
carrot	763	carrot
carry	764	carry
cart	765	cart
carton	766	carton
cartoon	767	cartoon
cartoonist	767	cartoonist
carve	768	carve
carving	768	carving
case	769	case
cash	770	cash
cashier	771	cashier
casino	772	casino
cast	773	cast
castle	774	castle
casual	775	casual
casualty	776	casualty
cat	777	cat
catastrophe	779	catastrophe
catastrophic	779	catastrophic
catch	780	catch
category	781	category
cater	782	cater
cathedral	783	cathedral
catholic	784	Catholic
cattle	785	cattle
cauliflower	786	cauliflower
cause	787	cause
caution	788	caution
cautious	788	cautious
cave	789	cave
cavity	790	cavity
cease	791	cease
ceiling	792	ceiling
celebrate	793	celebrate
celebration	793	celebration
celebrity	794	celebrity
cell	795	cell
cell-phone	797	cell-phone
cellar	796	cellar
cement	799	cement
cemetery	800	cemetery
censor	801	censor
censorship	801	censorship
census	802	census
cent	803	cent
centigrade	805	centigrade
central	804	central
century	807	century
ceramic	808	ceramic
cereal	809	cereal
ceremonial	810	ceremonial
ceremony	810	ceremony
certain	811	certain
certainly	811	certainly
certainty	811	certainty
certificate	812	certificate
certification	813	certification
certify	813	certify
chain	814	chain
chair	815	chair
chalk	817	chalk
challenge	818	challenge
challenging	818	challenging
chamber	819	chamber
champagne	820	champagne
champion	821	champion
championship	821	championship
chance	822	chance
chancellor	823	chancellor
change	824	change
channel	825	channel
chant	826	chant
chaos	827	chaos
chaotic	827	chaotic
chapel	828	chapel
chapter	829	chapter
character	830	character
characteristic	830	characteristic
charge	831	charge
charitable	832	charitable
charity	832	charity
charm	833	charm
charming	833	charming
chart	834	chart
charter	835	charter
chase	836	chase
chat	837	chat
cheap	838	cheap
cheat	839	cheat
check	840	check¹
cheek	842	cheek
cheer	843	cheer
cheerful	843	cheerful
cheese	844	cheese
chef	845	chef
chemical	846	chemical
chemist	846	chemist
chemistry	846	chemistry
cherish	847	cherish
chess	848	chess
chest	849	chest
chew	850	chew
chicken	851	chicken
chief	852	chief
child	853	child
childish	853	childish
chill	854	chill
chilly	854	chilly
chimney	855	chimney
chin	856	chin
china	857	china
chip	858	chip
chocolate	859	chocolate
choice	860	choice
choir	861	choir
choke	862	choke
cholesterol	863	cholesterol
choose	864	choose
choosy	864	choosy
chop	865	chop
chopstick	866	chopstick
chord	867	chord
chore	868	chore
chorus	869	chorus
christ	870	Christ
christian	870	Christian
christianity	870	Christianity
christmas	870	Christmas
chronic	871	chronic
chronically	871	chronically
chronicle	872	chronicle
chunk	873	chunk
church	874	church
cigar	875	cigar
cinema	877	cinema
circle	878	circle
circuit	879	circuit
circular	878	circular
circulate	880	circulate
circulation	880	circulation
circumstance	881	circumstance
circus	882	circus
citation	883	citation
cite	883	cite
citizen	884	citizen
citizenship	884	citizenship
city	885	city
civic	886	civic
civil	887	civil
civilian	888	civilian
claim	889	claim
clamp	890	clamp
clan	891	clan
clap	892	clap
clarification	893	clarification
clarify	893	clarify
clarity	893	clarity
clash	894	clash
clasp	895	clasp
class	896	class
classic	897	classic
classical	897	classical
classification	898	classification
classified	898	classified
classify	898	classify
classmate	899	classmate
classroom	900	classroom
clause	901	clause
claw	902	claw
clay	903	clay
clean	904	clean
cleanse	905	cleanse
clear	906	clear
clear-cut	908	clear-cut
clearance	907	clearance
clearing	909	clearing
clearly	906	clearly
clench	910	clench
clergy	911	clergy
clerical	912	clerical
clerk	912	clerk
clever	913	clever
click	915	click
client	916	client
cliff	917	cliff
climate	918	climate
climatic	918	climatic
climax	919	climax
climb	920	climb
cling	921	cling
clinic	922	clinic
clinical	922	clinical
clip	923	clip
cloak	924	cloak
clock	925	clock
clockwise	926	clockwise
clog	927	clog
clone	928	clone
close	929	close
closet	930	closet
cloth	931	cloth
clothe	932	clothe
clothes	933	clothes
clothing	932	clothing
cloud	934	cloud
cloudy	934	cloudy
clown	935	clown
club	936	club
clue	937	clue
clumsy	938	clumsy
cluster	939	cluster
clutch	940	clutch
coach	941	coach
coal	942	coal
coalition	943	coalition
coarse	944	coarse
coast	945	coast
coastal	945	coastal
coat	946	coat
cocaine	947	cocaine
cock	948	cock
cockpit	949	cockpit
cocktail	950	cocktail
coconut	951	coconut
code	952	code
coexist	953	coexist
coexistence	953	coexistence
coffee	954	coffee
cognition	955	cognition
cognitive	955	cognitive
coherence	956	coherence
coherent	956	coherent
cohesion	957	cohesion
cohesive	957	cohesive
coil	958	coil
coin	959	coin
coinage	959	coinage
coincide	960	coincide
coincidence	960	coincidence
cold	961	cold
collaborate	962	collaborate
collaboration	962	collaboration
collaborative	962	collaborative
collapse	963	collapse
collar	964	collar
colleague	965	colleague
collect	966	collect
collection	966	collection
collective	967	collective
college	968	college
collide	969	collide
collision	969	collision
colon	970	colon
colonel	971	colonel
colonial	972	colonial
colonialism	972	colonialism
colony	972	colony
column	974	column
columnist	974	columnist
comb	975	comb
combat	976	combat
combative	976	combative
combination	977	combination
combine	977	combine
come	978	come
comedy	979	comedy
comet	980	comet
comfort	981	comfort
comfortable	981	comfortable
comic	982	comic
comma	983	comma
command	984	command
commander	984	commander
commemorate	985	commemorate
commemoration	985	commemoration
commence	986	commence
commencement	986	commencement
commend	987	commend
commendation	987	commendation
comment	988	comment
commentary	988	commentary
commentator	988	commentator
commerce	989	commerce
commercial	989	commercial
commission	990	commission
commit	991	commit
commitment	991	commitment
committee	992	committee
commodity	993	commodity
common	994	common
commonplace	995	commonplace
commonwealth	996	commonwealth
commune	998	commune
communicate	997	communicate
communication	997	communication
communicative	997	communicative
communism	998	communism
communist	998	communist
community	999	community
commute	1000	commute
commuter	1000	commuter
compact	1001	compact
companion	1002	companion
companionship	1002	companionship
company	1003	company
comparable	1004	comparable
comparative	1004	comparative
compare	1004	compare
comparison	1004	comparison
compartment	1005	compartment
compass	1006	compass
compassion	1007	compassion
compassionate	1007	compassionate
compatibility	1008	compatibility
compatible	1008	compatible
compel	1009	compel
compelling	1009	compelling
compensate	1010	compensate
compensation	1010	compensation
compensatory	1010	compensatory
compete	1011	compete
competence	1012	competence
competent	1012	competent
competition	1011	competition
competitive	1011	competitive
competitor	1011	competitor
compilation	1013	compilation
compile	1013	compile
complacency	1014	complacency
complacent	1014	complacent
complain	1015	complain
complaint	1015	complaint
complement	1016	complement
complementary	1016	complementary
complete	1017	complete
completion	1017	completion
complex	1018	complex
complexion	1019	complexion
complexity	1018	complexity
compliance	1022	compliance
complicate	1020	complicate
complicated	1020	complicated
complication	1020	complication
compliment	1021	compliment
complimentary	1021	complimentary
comply	1022	comply
component	1023	component
compose	1024	compose
composer	1024	composer
composite	1025	composite
composition	1024	composition
compound	1026,1027	compound²,compound¹
comprehend	1028	comprehend
comprehension	1028	comprehension
comprehensive	1029	comprehensive
compress	1030	compress
compression	1030	compression
comprise	1031	comprise
compromise	1032	compromise
compulsory	1033	compulsory
computation	1034	computation
compute	1034	compute
computer	1034	computer
comrade	1035	comrade
conceal	1036	conceal
concealment	1036	concealment
concede	1037	concede
conceit	1038	conceit
conceited	1038	conceited
conceive	1039	conceive
concentrate	1040	concentrate
concentration	1040	concentration
concept	1041	concept
conception	1039	conception
conceptual	1041	conceptual
concern	1042	concern
concerned	1042	concerned
concerning	1042	concerning
concert	1043	concert
concerted	1043	concerted
concession	1037	concession
concise	1044	concise
conclude	1045	conclude
conclusion	1045	conclusion
conclusive	1045	conclusive
concrete	1046	concrete
concurrent	1047	concurrent
condemn	1048	condemn
condemnation	1048	condemnation
condensation	1049	condensation
condense	1049	condense
condition	1050	condition
conditional	1050	conditional
conditioner	1050	conditioner
condolence	1051	condolence
conducive	1052	conducive
conduct	1053	conduct
conductor	1053	conductor
confederate	1054	confederate
confederation	1054	confederation
confer	1055	confer
conference	1056	conference
confess	1057	confess
confession	1057	confession
confide	1058	confide
confidence	1059	confidence
confident	1059	confident
confidential	1059	confidential
configuration	1060	configuration
confine	1061	confine
confinement	1061	confinement
confirm	1062	confirm
confirmation	1062	confirmation
conflict	1063	conflict
conform	1064	conform
conformity	1064	conformity
confront	1065	confront
confrontation	1065	confrontation
confucian	1066	Confucian
confucianism	1066	Confucianism
confuse	1067	confuse
confusion	1067	confusion
congratulate	1068	congratulate
congratulation	1068	congratulation
congratulatory	1068	congratulatory
congregate	1069	congregate
congregation	1069	congregation
congress	1070	congress
congressional	1070	congressional
conjunction	1071	conjunction
connect	1072	connect
connotation	1073	connotation
conquer	1074	conquer
conqueror	1074	conqueror
conquest	1074	conquest
conscience	1075	conscience
conscientious	1076	conscientious
conscious	1077	conscious
consciousness	1077	consciousness
consecutive	1078	consecutive
consensus	1079	consensus
consent	1080	consent
consequence	1081	consequence
consequent	1081	consequent
consequently	1081	consequently
conservation	1083	conservation
conservative	1082	conservative
conserve	1083	conserve
consider	1084	consider
considerable	1085	considerable
considerate	1086	considerate
consideration	1084	consideration
considering	1084	considering
consist	1087	consist
consistency	1088	consistency
consistent	1088	consistent
consolation	1089	consolation
console	1089	console
consolidate	1090	consolidate
consolidation	1090	consolidation
conspicuous	1091	conspicuous
conspiracy	1092	conspiracy
conspire	1092	conspire
constant	1093	constant
constituency	1094	constituency
constituent	1094	constituent
constitute	1095	constitute
constitution	1096	constitution
constitutional	1096	constitutional
constrain	1097	constrain
constraint	1097	constraint
construct	1098	construct
construction	1098	construction
consul	1099	consul
consulate	1099	consulate
consult	1100	consult
consultant	1100	consultant
consultation	1100	consultation
consultative	1100	consultative
consume	1101	consume
consumer	1101	consumer
consumption	1101	consumption
contact	1102	contact
contagious	1103	contagious
contain	1104	contain
container	1104	container
containment	1104	containment
contaminate	1105	contaminate
contamination	1105	contamination
contemplate	1106	contemplate
contemplation	1106	contemplation
contemplative	1106	contemplative
contemporary	1107	contemporary
contempt	1108	contempt
contemptible	1108	contemptible
contend	1109	contend
content	1110,1111	content²,content¹
contented	1111	contented
contention	1109	contention
contentious	1109	contentious
contest	1112	contest
contestant	1112	contestant
context	1113	context
contextual	1113	contextual
continent	1114	continent
continental	1114	continental
contingent	1115	contingent
continual	1116	continual
continuation	1116	continuation
continue	1116	continue
continuity	1116	continuity
continuous	1116	continuous
contract	1117,1118	contract²,contract¹
contraction	1118	contraction
contractor	1117	contractor
contradict	1119	contradict
contradiction	1119	contradiction
contradictory	1119	contradictory
contrary	1120	contrary
contrast	1121	contrast
contribute	1122	contribute
contribution	1122	contribution
contributor	1122	contributor
contrive	1123	contrive
control	1124	control
controversial	1125	controversial
controversy	1125	controversy
convene	1126	convene
convenience	1127	convenience
convenient	1127	convenient
convention	1128	convention
conventional	1128	conventional
converge	1129	converge
convergence	1129	convergence
conversation	1130	conversation
converse	1130,1131	converse²,converse¹
conversion	1132	conversion
convert	1132	convert
convertible	1132	convertible
convey	1133	convey
conveyance	1133	conveyance
convict	1134	convict
conviction	1134	conviction
convince	1135	convince
convincing	1135	convincing
convoy	1136	convoy
cook	1137	cook
cooker	1137	cooker
cookie	1138	cookie
cool	1139	cool
cooperate	1140	cooperate
cooperation	1140	cooperation
cooperative	1140	cooperative
coordinate	1141	coordinate
coordination	1141	coordination
coordinator	1141	coordinator
cop	1142	cop
cope	1143	cope
copper	1144	copper
copy	1145	copy
copyright	1146	copyright
coral	1147	coral
cord	1148	cord
cordial	1149	cordial
cordiality	1149	cordiality
core	1150	core
cork	1151	cork
corn	1152	corn
corner	1153	corner
cornerstone	1154	cornerstone
corporal	1155	corporal
corporate	1156	corporate
corporation	1156	corporation
corps	1157	corps
corpse	1158	corpse
correct	1159	correct
correction	1159	correction
corrective	1159	corrective
correlate	1160	correlate
correlation	1160	correlation
correlative	1160	correlative
correspond	1161	correspond
correspondence	1161	correspondence
correspondent	1161	correspondent
corresponding	1161	corresponding
corridor	1162	corridor
corrode	1163	corrode
corrosion	1163	corrosion
corrupt	1164	corrupt
corruption	1164	corruption
cosmetic	1165	cosmetic
cosmic	1167	cosmic
cosmopolitan	1166	cosmopolitan
cosmos	1167	cosmos
cost	1168	cost
costly	1168	costly
costume	1169	costume
cottage	1170	cottage
cotton	1171	cotton
couch	1172	couch
cough	1173	cough
could	1174	could
council	1175	council
counsel	1176	counsel
count	1177	count
countdown	1178	countdown
counter	1179	counter
counteract	1180	counteract
counteraction	1180	counteraction
counterfeit	1181	counterfeit
counterpart	1182	counterpart
country	1183	country
countryside	1184	countryside
county	1185	county
coup	1186	coup
couple	1187	couple
coupon	1188	coupon
courage	1189	courage
courageous	1189	courageous
course	1190	course
court	1191,1192	court²,court¹
courtesy	1193	courtesy
courtyard	1194	courtyard
cousin	1195	cousin
cover	1196	cover
coverage	1196	coverage
cow	1197	cow
coward	1198	coward
cowardice	1198	cowardice
cowardly	1198	cowardly
cowboy	1199	cowboy
crab	1201	crab
crack	1202	crack
crackdown	1203	crackdown
cracker	1204	cracker
cradle	1205	cradle
craft	1206	craft
cram	1207	cram
crane	1208	crane
crash	1209	crash
crate	1210	crate
crave	1211	crave
crawl	1212	crawl
craze	1213	craze
crazy	1213	crazy
cream	1214	cream
creamy	1214	creamy
create	1215	create
creation	1215	creation
creative	1215	creative
creator	1215	creator
creature	1216	creature
credential	1217	credential
credibility	1218	credibility
credible	1218	credible
credit	1219	credit
creditable	1219	creditable
creep	1220	creep
crew	1221	crew
cricket	1222	cricket
crime	1223	crime
criminal	1223	criminal
cripple	1224	cripple
crisis	1225	crisis
crisp	1226	crisp
criterion	1227	criterion
critic	1228	critic
critical	1228	critical
criticism	1228	criticism
crocodile	1229	crocodile
crop	1230	crop
cross	1231	cross
crossing	1231	crossing
crouch	1232	crouch
crow	1233	crow
crowd	1234	crowd
crowded	1234	crowded
crown	1235	crown
crucial	1236	crucial
crude	1237	crude
cruel	1238	cruel
cruelty	1238	cruelty
cruise	1239	cruise
cruiser	1239	cruiser
crumble	1240	crumble
crunch	1241	crunch
crush	1242	crush
crust	1243	crust
cry	1244	cry
crystal	1245	crystal
cub	1246	cub
cube	1247	cube
cubic	1247	cubic
cucumber	1248	cucumber
cue	1249	cue
cuisine	1250	cuisine
culminate	1251	culminate
culmination	1251	culmination
cult	1252	cult
cultivate	1253	cultivate
cultivation	1253	cultivation
cultural	1254	cultural
culture	1254	culture
cumulative	1255	cumulative
cunning	1256	cunning
cup	1257	cup
cupboard	1258	cupboard
curable	1260	curable
curb	1259	curb
cure	1260	cure
curfew	1261	curfew
curiosity	1262	curiosity
curious	1262	curious
curl	1263	curl
currency	1264	currency
current	1265	current
currently	1265	currently
curriculum	1266	curriculum
curse	1267	curse
curtail	1268	curtail
curtain	1269	curtain
curve	1270	curve
cushion	1271	cushion
custody	1272	custody
custom	1273	custom
customary	1273	customary
customer	1274	customer
customs	1275	customs
cut	1276	cut
cute	1277	cute
cyberspace	1278	cyberspace
cycle	1279	cycle
cycling	1279	cycling
cyclist	1279	cyclist
cylinder	1280	cylinder
cynical	1281	cynical
cynicism	1281	cynicism
daily	1283,1302	daily
dairy	1284	dairy
dam	1285	dam
damage	1286	damage
damn	1287	damn
damp	1288	damp
dampen	1288	dampen
dance	1289	dance
danger	1290	danger
dangerous	1290	dangerous
dare	1291	dare
daring	1291	daring
dark	1292	dark
darken	1292	darken
darkness	1292	darkness
darling	1293	darling
dart	1294	dart
dash	1295	dash
data	1296	data
database	1297	database
date	1298,1299	date²,date¹
dating	1298	dating
datum	1296	datum
daughter	1300	daughter
dawn	1301	dawn
day	1302	day
daylight	1303	daylight
dazzle	1304	dazzle
dead	1305	dead
deadline	1306	deadline
deadlock	1307	deadlock
deadly	1308	deadly
deaf	1309	deaf
deal	1310,1311	deal²,deal¹
dealer	1310	dealer
dealing	1310	dealing
dean	1312	dean
dear	1313	dear
death	1314	death
debate	1315	debate
debris	1316	debris
debt	1317	debt
debtor	1317	debtor
debut	1318	debut
decade	1319	decade
decay	1320	decay
deceit	1321	deceit
deceive	1321	deceive
december	1322	December
decent	1323	decent
deception	1321	deception
deceptive	1321	deceptive
decide	1324	decide
decimal	1325	decimal
decision	1324	decision
decisive	1324	decisive
deck	1326	deck
declaration	1327	declaration
declarative	1327	declarative
declare	1327	declare
decline	1328	decline
decorate	1329	decorate
decoration	1329	decoration
decorative	1329	decorative
decrease	1330	decrease
decree	1331	decree
dedicate	1332	dedicate
dedication	1332	dedication
deduce	1333	deduce
deducible	1333	deducible
deduct	1334	deduct
deductible	1334	deductible
deduction	1334	deduction
deductive	1334	deductive
deed	1335	deed
deem	1336	deem
deep	1337	deep
deeply	1337	deeply
deer	1338	deer
default	1339	default
defeat	1340	defeat
defect	1341,1342	defect²,defect¹
defection	1342	defection
defective	1341	defective
defend	1343	defend
defendant	1343	defendant
defensive	1343	defensive
defer	1344	defer
defiance	1349	defiance
defiant	1349	defiant
deficiency	1345	deficiency
deficient	1345	deficient
deficit	1346	deficit
define	1347	define
definite	1348	definite
definitely	1348	definitely
definition	1347	definition
defy	1349	defy
degenerate	1350	degenerate
degeneration	1350	degeneration
degradation	1351	degradation
degrade	1351	degrade
degree	1352	degree
delay	1353	delay
delegate	1354	delegate
delegation	1354	delegation
delete	1355	delete
deletion	1355	deletion
deliberate	1356	deliberate
deliberation	1356	deliberation
delicacy	1357	delicacy
delicate	1358	delicate
delicious	1359	delicious
delight	1360	delight
delightful	1360	delightful
deliver	1361	deliver
delivery	1361	delivery
delude	1362	delude
delusion	1362	delusion
demand	1363	demand
demanding	1363	demanding
democracy	1364	democracy
democrat	1364	democrat
democratic	1364	democratic
demographic	1365	demographic
demonstrate	1366	demonstrate
demonstrative	1366	demonstrative
denial	1373	denial
denotation	1367	denotation
denote	1367	denote
denounce	1368	denounce
dense	1369	dense
density	1369	density
dent	1370	dent
dental	1371	dental
dentist	1372	dentist
denunciation	1368	denunciation
deny	1373	deny
depart	1374	depart
department	1375	department
departure	1374	departure
depend	1376	depend
dependable	1376	dependable
dependence	1376	dependence
dependent	1376	dependent
depict	1377	depict
depiction	1377	depiction
deplete	1378	deplete
depletion	1378	depletion
deplore	1379	deplore
deploy	1380	deploy
deployment	1380	deployment
deport	1381	deport
deportation	1381	deportation
deposit	1382	deposit
depot	1383	depot
depreciate	1384	depreciate
depreciation	1384	depreciation
depress	1385	depress
depression	1385	depression
deprivation	1386	deprivation
deprive	1386	deprive
depth	1337,1387	depth
deputy	1388	deputy
derail	1389	derail
derailment	1389	derailment
deregulate	1390	deregulate
deregulation	1390	deregulation
derivation	1391	derivation
derivative	1391	derivative
derive	1391	derive
descend	1392	descend
descendant	1392	descendant
descent	1392	descent
describe	1393	describe
description	1393	description
descriptive	1393	descriptive
desert	1394,1395	desert²,desert¹
desertion	1395	desertion
deserve	1396	deserve
design	1397	design
designate	1398	designate
designation	1398	designation
designer	1397	designer
desirability	1399	desirability
desirable	1399	desirable
desire	1399	desire
desirous	1399	desirous
desk	1400	desk
desktop	1401	desktop
desolate	1402	desolate
despair	1403	despair
despatch	1404	despatch
desperate	1403	desperate
despise	1405	despise
despite	1406	despite
dessert	1407	dessert
destination	1408	destination
destined	1409	destined
destiny	1409	destiny
destroy	1410	destroy
destruction	1410	destruction
destructive	1410	destructive
detach	1411	detach
detached	1411	detached
detachment	1411	detachment
detail	1412	detail
detailed	1412	detailed
detain	1413	detain
detect	1414	detect
detection	1414	detection
detective	1414	detective
detention	1413	detention
deter	1415	deter
detergent	1416	detergent
deteriorate	1417	deteriorate
deterioration	1417	deterioration
determination	1418	determination
determine	1418	determine
determined	1418	determined
deterrent	1415	deterrent
detriment	1419	detriment
detrimental	1419	detrimental
devastate	1420	devastate
devastating	1420	devastating
devastation	1420	devastation
develop	1421	develop
developer	1421	developer
development	1421	development
developmental	1421	developmental
deviate	1422	deviate
deviation	1422	deviation
device	1423	device
devil	1424	devil
devise	1425	devise
devote	1426	devote
devotion	1426	devotion
devour	1427	devour
dew	1428	dew
diabetes	1429	diabetes
diagnose	1430	diagnose
diagnosis	1430	diagnosis
diagram	1431	diagram
dial	1432	dial
dialect	1433	dialect
diameter	1435	diameter
diamond	1436	diamond
diary	1437	diary
dictate	1438	dictate
dictation	1438	dictation
dictator	1438	dictator
dictionary	1439	dictionary
die	1440	die
diesel	1441	diesel
diet	1442	diet
dietary	1442	dietary
differ	1443	differ
difference	1443	difference
different	1443	different
differentiate	1444	differentiate
differentiation	1444	differentiation
difficult	1445	difficult
difficulty	1445	difficulty
diffuse	1446	diffuse
diffusion	1446	diffusion
dig	1447	dig
digest	1448	digest
digestion	1448	digestion
digestive	1448	digestive
digit	1449	digit
digital	1449	digital
dignify	1450	dignify
dignity	1450	dignity
dilemma	1451	dilemma
diligence	1452	diligence
diligent	1452	diligent
dilute	1453	dilute
dilution	1453	dilution
dim	1454	dim
dime	1455	dime
dimension	1456	dimension
dimensional	1456	dimensional
diminish	1457	diminish
dine	1458	dine
diner	1458	diner
dinner	1459	dinner
dinosaur	1460	dinosaur
dioxide	1461	dioxide
dip	1462	dip
diploma	1463	diploma
diplomacy	1464	diplomacy
diplomat	1464	diplomat
diplomatic	1464	diplomatic
direct	1465	direct
direction	1465	direction
director	1465	director
directory	1466	directory
dirt	1467	dirt
dirty	1467	dirty
disability	1468	disability
disable	1468	disable
disabled	1468	disabled
disagree	1469	disagree
disagreement	1469	disagreement
disappear	1470	disappear
disappearance	1470	disappearance
disappoint	1471	disappoint
disappointing	1471	disappointing
disappointment	1471	disappointment
disapproval	1472	disapproval
disapprove	1472	disapprove
disarm	1473	disarm
disarmament	1473	disarmament
disaster	1474	disaster
disastrous	1474	disastrous
discard	1475	discard
discern	1476	discern
discharge	1477	discharge
disciplinary	1478	disciplinary
discipline	1478	discipline
disciplined	1478	disciplined
disclose	1479	disclose
disclosure	1479	disclosure
disco	1480	disco
discord	1481	discord
discount	1482	discount
discourage	1483	discourage
discourse	1484	discourse
discover	1485	discover
discovery	1485	discovery
discreet	1486	discreet
discrepancy	1487	discrepancy
discriminate	1488	discriminate
discrimination	1488	discrimination
discriminatory	1488	discriminatory
discuss	1489	discuss
discussion	1489	discussion
disease	1490	disease
disguise	1491	disguise
disgust	1492	disgust
disgusting	1492	disgusting
dish	1493	dish
disintegrate	1494	disintegrate
disintegration	1494	disintegration
dislike	1496	dislike
dismantle	1497	dismantle
dismay	1498	dismay
dismiss	1499	dismiss
dismissal	1499	dismissal
disorder	1500	disorder
dispense	1502	dispense
disperse	1503	disperse
displace	1504	displace
displacement	1504	displacement
display	1505	display
disposal	1506	disposal
dispose	1506	dispose
disposition	1507	disposition
disputable	1508	disputable
dispute	1508	dispute
disregard	1509	disregard
disrupt	1510	disrupt
disruption	1510	disruption
disruptive	1510	disruptive
dissent	1511	dissent
dissertation	1512	dissertation
dissident	1513	dissident
dissolve	1514	dissolve
distance	1515	distance
distant	1515	distant
distinct	1517	distinct
distinction	1517	distinction
distinctive	1517	distinctive
distinguish	1518	distinguish
distinguishable	1518	distinguishable
distort	1519	distort
distortion	1519	distortion
distract	1520	distract
distraction	1520	distraction
distress	1521	distress
distressful	1521	distressful
distribute	1522	distribute
distribution	1522	distribution
distributive	1522	distributive
district	1523	district
disturb	1524	disturb
disturbance	1524	disturbance
ditch	1525	ditch
dive	1526	dive
diverse	1527	diverse
diversify	1527	diversify
diversion	1528	diversion
diversity	1527	diversity
divert	1528	divert
divide	1529	divide
dividend	1530	dividend
divine	1531	divine
division	1529	division
divisive	1529	divisive
divorce	1532	divorce
dizzy	1533	dizzy
do	1534	do
dock	1535	dock
doctor	1536	doctor
doctoral	1536	doctoral
doctorate	1536	doctorate
doctrine	1537	doctrine
document	1538	document
documentary	1538	documentary
dodge	1539	dodge
dog	1540	dog
dogma	1541	dogma
dole	1542	dole
doll	1543	doll
dollar	1544	dollar
dolphin	1545	dolphin
domain	1546	domain
dome	1547	dome
domestic	1548	domestic
dominance	1549	dominance
dominant	1549	dominant
dominate	1549	dominate
domination	1549	domination
donate	1550	donate
donation	1550	donation
donkey	1551	donkey
donor	1550	donor
doom	1552	doom
door	1553	door
dosage	1555	dosage
dose	1555	dose
dot	1556	dot
double	1557	double
doubt	1558	doubt
doubtful	1558	doubtful
doubtless	1558	doubtless
dough	1559	dough
dove	1560	dove
down	1561	down
downgrade	1562	downgrade
download	1563	download
downstairs	1564	downstairs
downtown	1565	downtown
downward	1566	downward
downwards	1566	downwards
doze	1567	doze
dozen	1568	dozen
draft	1569	draft
drag	1570	drag
dragon	1571	dragon
drain	1572	drain
drainage	1572	drainage
drama	1573	drama
dramatic	1573	dramatic
dramatically	1573	dramatically
drastic	1574	drastic
drastically	1574	drastically
draw	1575	draw
drawback	1576	drawback
drawer	1577	drawer
drawing	1575	drawing
dread	1578	dread
dreadful	1578	dreadful
dream	1579	dream
dreamy	1579	dreamy
dress	1580	dress
dressing	1581	dressing
drift	1582	drift
drill	1583	drill
drink	1584	drink
drip	1585	drip
drive	1586	drive
driver	1586	driver
drop	1587	drop
dropout	1588	dropout
drought	1589	drought
drown	1590	drown
drug	1591	drug
drum	1592	drum
drunk	1593	drunk
drunkard	1593	drunkard
drunken	1593	drunken
dry	1594	dry
dryer	1594	dryer
dual	1595	dual
dub	1596	dub
dubious	1597	dubious
duck	1598	duck
due	1599	due
dull	1600	dull
duly	1599	duly
dumb	1601	dumb
dump	1602	dump
duplicate	1603	duplicate
duplication	1603	duplication
durability	1604	durability
durable	1604	durable
duration	1605	duration
during	1606	during
dusk	1607	dusk
dust	1608	dust
dusty	1608	dusty
duty	1609	duty
dwarf	1610	dwarf
dwell	1611	dwell
dweller	1611	dweller
dwelling	1611	dwelling
dye	1612	dye
dying	1440	dying
dynamic	1613	dynamic
dynamics	1613	dynamics
dynasty	1614	dynasty
each	1615	each
eager	1616	eager
eagle	1617	eagle
ear	1618	ear
early	1619	early
earn	1620	earn
earnest	1621	earnest
earnings	1620	earnings
earth	1622	earth
earthquake	1623	earthquake
ease	1624	ease
easily	1627	easily
east	1625	east
easter	1626	Easter
eastern	1625	eastern
easy	1627	easy
easy-going	1628	easy-going
eat	1629	eat
eccentric	1630	eccentric
echo	1631	echo
eclipse	1632	eclipse
ecological	1633	ecological
ecology	1633	ecology
economic	1635	economic
economical	1635	economical
economics	1634	economics
economist	1634	economist
economy	1635	economy
ecosystem	1636	ecosystem
edge	1637	edge
edible	1638	edible
edit	1639	edit
edition	1639	edition
editor	1639	editor
editorial	1640	editorial
educate	1641	educate
education	1641	education
educational	1641	educational
educator	1641	educator
effect	1642	effect
effective	1642	effective
efficiency	1643	efficiency
efficient	1643	efficient
effort	1644	effort
egg	1645	egg
eggplant	1646	eggplant
ego	1647	ego
egoism	1647	egoism
egoist	1647	egoist
eight	1648	eight
eighteen	1649	eighteen
eighth	1650	eighth
eighty	1651	eighty
either	1652	either
eject	1653	eject
ejection	1653	ejection
elaborate	1654	elaborate
elaboration	1654	elaboration
elapse	1655	elapse
elastic	1656	elastic
elasticity	1656	elasticity
elbow	1657	elbow
elder	1658	elder
elderly	1658	elderly
elect	1659	elect
election	1659	election
elective	1659	elective
electoral	1660	electoral
electorate	1660	electorate
electrician	1661	electrician
electricity	1661	electricity
electron	1662	electron
electronic	1662	electronic
electronically	1662	electronically
electronics	1662	electronics
elegance	1663	elegance
elegant	1663	elegant
element	1664	element
elementary	1665	elementary
elephant	1666	elephant
elevate	1667	elevate
elevation	1667	elevation
elevator	1667	elevator
eleven	1668	eleven
elicit	1669	elicit
eligibility	1670	eligibility
eligible	1670	eligible
eliminate	1671	eliminate
elimination	1671	elimination
elite	1672	elite
eloquence	1673	eloquence
eloquent	1673	eloquent
else	1674	else
elsewhere	1675	elsewhere
email	1676	email
emancipate	1677	emancipate
emancipation	1677	emancipation
embargo	1678	embargo
embark	1679	embark
embarrass	1680	embarrass
embarrassment	1680	embarrassment
embassy	1681	embassy
embed	1682	embed
embodiment	1683	embodiment
embody	1683	embody
embrace	1684	embrace
embroidery	1685	embroidery
emerge	1686	emerge
emergence	1686	emergence
emergency	1687	emergency
emigrant	1688	emigrant
emigrate	1688	emigrate
emigration	1688	emigration
eminence	1689	eminence
eminent	1689	eminent
emission	1690	emission
emit	1690	emit
emotion	1691	emotion
emotional	1691	emotional
emperor	1692	emperor
emphasis	1693	emphasis
emphatic	1693	emphatic
empire	1694	empire
empirical	1695	empirical
employ	1696	employ
employee	1696	employee
employer	1696	employer
employment	1696	employment
empress	1692	empress
emptiness	1697	emptiness
empty	1697	empty
emulate	1698	emulate
emulation	1698	emulation
enable	1699	enable
enact	1700	enact
enactment	1700	enactment
enclose	1701	enclose
enclosure	1701	enclosure
encounter	1702	encounter
encourage	1703	encourage
encouragement	1703	encouragement
encouraging	1703	encouraging
end	1705	end
endanger	1706	endanger
ending	1705	ending
endless	1705	endless
endorse	1708	endorse
endorsement	1708	endorsement
endow	1709	endow
endowment	1709	endowment
endurance	1710	endurance
endure	1710	endure
enemy	1711	enemy
energetic	1712	energetic
energetically	1712	energetically
energy	1712	energy
enforce	1713	enforce
enforcement	1713	enforcement
engage	1714	engage
engagement	1714	engagement
engine	1715	engine
engineer	1716	engineer
engineering	1716	engineering
enhance	1717	enhance
enhancement	1717	enhancement
enjoy	1718	enjoy
enjoyable	1718	enjoyable
enjoyment	1718	enjoyment
enlarge	1719	enlarge
enlighten	1720	enlighten
enlightening	1720	enlightening
enlightenment	1720	enlightenment
enlist	1721	enlist
enormous	1722	enormous
enough	1723	enough
enquire	1724	enquire
enquiry	1724	enquiry
enrich	1725	enrich
ensue	1727	ensue
ensure	1728	ensure
entail	1729	entail
enter	1730	enter
enterprise	1731	enterprise
enterprising	1731	enterprising
entertain	1732	entertain
entertaining	1732	entertaining
entertainment	1732	entertainment
enthusiasm	1733	enthusiasm
enthusiast	1733	enthusiast
enthusiastic	1733	enthusiastic
enthusiastically	1733	enthusiastically
entire	1734	entire
entirety	1734	entirety
entitle	1735	entitle
entity	1736	entity
entrance	1730	entrance
entrepreneur	1737	entrepreneur
entrepreneurial	1737	entrepreneurial
entrust	1738	entrust
entry	1730	entry
envelop	1739	envelop
envelope	1740	envelope
envious	1744	envious
environment	1741	environment
environmental	1741	environmental
environmentalist	1741	environmentalist
envisage	1742	envisage
envoy	1743	envoy
envy	1744	envy
epic	1745	epic
epidemic	1746	epidemic
episode	1747	episode
epoch	1748	epoch
equal	1749	equal
equality	1749	equality
equally	1749	equally
equate	1750	equate
equation	1750	equation
equator	1751	equator
equip	1752	equip
equipment	1752	equipment
equitable	1753	equitable
equity	1753	equity
equivalence	1754	equivalence
equivalent	1754	equivalent
era	1755	era
eradicate	1756	eradicate
eradication	1756	eradication
erase	1757	erase
eraser	1757	eraser
erect	1758	erect
erection	1758	erection
erode	1759	erode
erosion	1759	erosion
erosive	1759	erosive
err	1760	err
errand	1761	errand
erroneous	1760	erroneous
error	1760	error
erupt	1762	erupt
eruption	1762	eruption
escalate	1763	escalate
escalation	1763	escalation
escalator	1763	escalator
escape	1764	escape
escort	1765	escort
especially	1766	especially
essay	1767	essay
essayist	1767	essayist
essence	1768	essence
essential	1768	essential
establish	1769	establish
establishment	1769	establishment
estate	1770	estate
esteem	1771	esteem
estimate	1773	estimate
estimation	1773	estimation
eternal	1774	eternal
eternity	1774	eternity
ethic	1775	ethic
ethics	1775	ethics
ethnic	1776	ethnic
etiquette	1777	etiquette
euro	1778	euro
evacuate	1779	evacuate
evacuation	1779	evacuation
evade	1780	evade
evaluate	1781	evaluate
evaluation	1781	evaluation
evaporate	1782	evaporate
evaporation	1782	evaporation
evasion	1780	evasion
evasive	1780	evasive
eve	1783	eve
even	1784	even
evening	1785	evening
evenly	1784	evenly
event	1786	event
eventful	1786	eventful
eventual	1787	eventual
eventuality	1787	eventuality
eventually	1787	eventually
ever	1788	ever
every	1789	every
everybody	1790	everybody
everyday	1791	everyday
everyone	1792	everyone
everything	1793	everything
everywhere	1794	everywhere
evidence	1795	evidence
evident	1795	evident
evil	1796	evil
evoke	1797	evoke
evolution	1798	evolution
evolutionary	1798	evolutionary
evolve	1798	evolve
exact	1799	exact
exaggerate	1800	exaggerate
exaggeration	1800	exaggeration
examine	1801	examine
examinee	1801	examinee
examiner	1801	examiner
example	1802	example
exceed	1803	exceed
exceedingly	1803	exceedingly
excel	1804	excel
excellence	1805	excellence
excellent	1805	excellent
except	1806	except
exception	1807	exception
exceptional	1807	exceptional
excerpt	1808	excerpt
excess	1809	excess
excessive	1809	excessive
exchange	1810	exchange
excite	1811	excite
excitement	1811	excitement
exciting	1811	exciting
exclaim	1812	exclaim
exclamation	1812	exclamation
exclamatory	1812	exclamatory
exclude	1813	exclude
exclusion	1813	exclusion
exclusive	1813	exclusive
excursion	1814	excursion
excuse	1815	excuse
execute	1816	execute
execution	1816	execution
executive	1816	executive
exemplary	1802	exemplary
exemplify	1802	exemplify
exempt	1817	exempt
exemption	1817	exemption
exercise	1818	exercise
exert	1819	exert
exertion	1819	exertion
exhaust	1820	exhaust
exhaustion	1820	exhaustion
exhaustive	1820	exhaustive
exhibit	1821	exhibit
exhibition	1821	exhibition
exile	1822	exile
exist	1823	exist
existence	1823	existence
existent	1823	existent
existing	1823	existing
exit	1824	exit
exotic	1825	exotic
expand	1826	expand
expansion	1826	expansion
expansive	1826	expansive
expect	1827	expect
expectancy	1827	expectancy
expectation	1827	expectation
expedition	1828	expedition
expel	1829	expel
expend	1830	expend
expenditure	1830	expenditure
expense	1831	expense
expensive	1831	expensive
experience	1832	experience
experienced	1832	experienced
experiment	1833	experiment
experimental	1833	experimental
expert	1834	expert
expertise	1835	expertise
expiration	1836	expiration
expire	1836	expire
explain	1837	explain
explanation	1837	explanation
explanatory	1837	explanatory
explicit	1838	explicit
explode	1839	explode
exploit	1840	exploit
exploitation	1840	exploitation
exploration	1841	exploration
explore	1841	explore
explosion	1839	explosion
explosive	1839	explosive
exponent	1842	exponent
export	1843	export
exportation	1843	exportation
expose	1844	expose
exposition	1845	exposition
exposure	1844	exposure
express	1846	express
expression	1846	expression
expressive	1846	expressive
expressway	1847	expressway
exquisite	1848	exquisite
extend	1849	extend
extended	1849	extended
extension	1849	extension
extensive	1849	extensive
extent	1850	extent
exterior	1851	exterior
external	1852	external
extinct	1853	extinct
extinction	1853	extinction
extinguish	1854	extinguish
extra	1855	extra
extract	1856	extract
extraction	1856	extraction
extraordinary	1857	extraordinary
extravagance	1858	extravagance
extravagant	1858	extravagant
extreme	1859	extreme
extremity	1859	extremity
eye	1860	eye
eyebrow	1861	eyebrow
eyesight	1862	eyesight
fable	1863	fable
fabric	1864	fabric
fabricate	1865	fabricate
fabrication	1865	fabrication
fabulous	1866	fabulous
face	1867	face
facet	1868	facet
facial	1867	facial
facilitate	1869	facilitate
facilitation	1869	facilitation
facility	1869	facility
fact	1870	fact
faction	1871	faction
factor	1872	factor
factory	1873	factory
factual	1870	factual
faculty	1874	faculty
fade	1875	fade
fail	1876	fail
failure	1876	failure
faint	1877	faint
fair	1878,1879	fair²,fair¹
fairly	1878	fairly
fairy	1880	fairy
faith	1881	faith
faithful	1881	faithful
fake	1882	fake
fall	1883,1884	fall²,fall¹
false	1885	false
falsehood	1885	falsehood
fame	1886	fame
familiar	1887	familiar
familiarity	1887	familiarity
family	1888	family
famine	1889	famine
famous	1886	famous
fan	1890	fan
fancy	1891	fancy
fantastic	1892	fantastic
fantasy	1892	fantasy
far	1893	far
fare	1894	fare
farewell	1895	farewell
farm	1896	farm
farmer	1896	farmer
farming	1896	farming
farther	1897	farther
fascinate	1898	fascinate
fascinating	1898	fascinating
fascination	1898	fascination
fascism	1899	fascism
fascist	1899	fascist
fashion	1900	fashion
fashionable	1900	fashionable
fast	1901	fast
fasten	1902	fasten
fat	1903	fat
fatal	1904	fatal
fatality	1904	fatality
fate	1905	fate
father	1906	father
fatherly	1906	fatherly
fatigue	1907	fatigue
fault	1908	fault
faulty	1908	faulty
fax	1910	fax
fear	1911	fear
fearful	1911	fearful
feasibility	1912	feasibility
feasible	1912	feasible
feast	1913	feast
feat	1914	feat
feather	1915	feather
feature	1916	feature
february	1917	February
federal	1918	federal
federation	1919	federation
fee	1920	fee
feeble	1921	feeble
feed	1922	feed
feedback	1923	feedback
feel	1924	feel
feeling	1924	feeling
fellow	1925	fellow
fellowship	1925	fellowship
female	1926	female
feminine	1927	feminine
feminism	1927	feminism
feminist	1927	feminist
fence	1928	fence
ferry	1929	ferry
fertile	1930	fertile
fertility	1930	fertility
festival	1931	festival
fetch	1932	fetch
fever	1933	fever
feverish	1933	feverish
few	1934	few
fiction	1936	fiction
fictional	1936	fictional
field	1937	field
fierce	1938	fierce
fifteen	1939	fifteen
fifth	1940	fifth
fifty	1941	fifty
fight	1942	fight
figurative	1943	figurative
figure	1943	figure
file	1944	file
fill	1945	fill
filling	1945	filling
film	1946	film
filter	1947	filter
final	1948	final
finally	1948	finally
finance	1949	finance
financial	1949	financial
find	1950	find
finding	1950	finding
fine	1951,1952	fine²,fine¹
finger	1953	finger
fingerprint	1954	fingerprint
finish	1955	finish
finite	1956	finite
fire	1957	fire
fireman	1958	fireman
fireplace	1959	fireplace
fireworks	1960	fireworks
firm	1961,1962	firm²,firm¹
first	1963	first
firstly	1963	firstly
fiscal	1964	fiscal
fish	1965	fish
fisherman	1965	fisherman
fishing	1965	fishing
fist	1966	fist
fit	1967	fit
five	1968	five
fix	1969	fix
fixation	1969	fixation
fixed	1969	fixed
fixture	1969	fixture
flag	1970	flag
flame	1971	flame
flank	1972	flank
flap	1973	flap
flare	1974	flare
flash	1975	flash
flat	1976,1977	flat²,flat¹
flatter	1978	flatter
flattery	1978	flattery
flaw	1980	flaw
flawless	1980	flawless
flee	1981	flee
fleet	1982	fleet
flesh	1983	flesh
flexibility	1984	flexibility
flexible	1984	flexible
flight	2001	flight
fling	1985	fling
flip	1986	flip
flirt	1987	flirt
flirtation	1987	flirtation
float	1988	float
flock	1989	flock
flood	1990	flood
floor	1991	floor
flour	1992	flour
flourish	1993	flourish
flow	1994	flow
flower	1995	flower
fluctuate	1996	fluctuate
fluctuation	1996	fluctuation
fluency	1997	fluency
fluent	1997	fluent
fluid	1998	fluid
flush	1999	flush
flutter	2000	flutter
fly	2001,2002	fly²,fly¹
foam	2003	foam
focus	2004	focus
foe	2005	foe
fog	2006	fog
foggy	2006	foggy
foil	2007	foil
fold	2008	fold
folk	2009	folk
folklore	2010	folklore
follow	2011	follow
following	2011	following
fond	2012	fond
food	2013	food
fool	2014	fool
foolish	2014	foolish
foot	2015	foot
football	2016	football
footprint	2017	footprint
for	2018	for
forbid	2019	forbid
force	2020	force
forceful	2020	forceful
forecast	2021	forecast
forehead	2022	forehead
foreign	2023	foreign
foreigner	2023	foreigner
foremost	2024	foremost
foresee	2025	foresee
foreseeable	2025	foreseeable
foresight	2026	foresight
forest	2027	forest
forestry	2027	forestry
foretell	2028	foretell
forever	2029	forever
forfeit	2030	forfeit
forge	2031	forge
forgery	2031	forgery
forget	2032	forget
forgetful	2032	forgetful
forgettable	2032	forgettable
forgive	2033	forgive
forgiving	2033	forgiving
fork	2034	fork
form	2035	form
formal	2036	formal
formality	2036	formality
format	2037	format
formation	2035	formation
former	2038	former
formidable	2039	formidable
formula	2040	formula
formulate	2041	formulate
formulation	2041	formulation
fort	2042	fort
forth	2043	forth
forthcoming	2044	forthcoming
fortification	2045	fortification
fortify	2045	fortify
fortnight	2046	fortnight
fortunate	2047	fortunate
fortune	2047	fortune
forty	2048	forty
forum	2049	forum
forward	2050	forward
fossil	2051	fossil
foster	2052	foster
foul	2053	foul
found	2054	found
foundation	2055	foundation
founder	2054	founder
founding	2054	founding
fountain	2056	fountain
four	2057	four
fourteen	2058	fourteen
fox	2059	fox
fraction	2060	fraction
fracture	2061	fracture
fragile	2062	fragile
fragility	2062	fragility
fragment	2063	fragment
fragmentary	2063	fragmentary
fragmentation	2063	fragmentation
fragrance	2064	fragrance
fragrant	2064	fragrant
frame	2065	frame
framework	2066	framework
franchise	2067	franchise
frank	2068	frank
frantic	2069	frantic
frantically	2069	frantically
fraud	2070	fraud
fraudulent	2070	fraudulent
free	2071	free
freedom	2071	freedom
freeway	2072	freeway
freeze	2073	freeze
freight	2074	freight
frequency	2075	frequency
frequent	2075	frequent
fresh	2076	fresh
freshman	2077	freshman
friction	2078	friction
friday	2079	Friday
friend	2080	friend
friendly	2080	friendly
friendship	2080	friendship
fright	2081	fright
frighten	2081	frighten
fringe	2082	fringe
frog	2083	frog
from	2084	from
front	2085	front
frontier	2086	frontier
frost	2087	frost
frosty	2087	frosty
frown	2088	frown
fruit	2089	fruit
fruitful	2089	fruitful
frustrate	2090	frustrate
frustrating	2090	frustrating
frustration	2090	frustration
fry	2091	fry
fuck	2092	fuck
fuel	2093	fuel
full	2095	full
fun	2096	fun
function	2097	function
functional	2097	functional
fund	2098	fund
fundamental	2099	fundamental
funding	2098	funding
funeral	2100	funeral
funny	2096	funny
fur	2101	fur
furious	2107	furious
furnace	2102	furnace
furnish	2103	furnish
furniture	2104	furniture
further	2105	further
furthermore	2106	furthermore
fury	2107	fury
fuse	2108	fuse
fusion	2109	fusion
fuss	2110	fuss
futile	2111	futile
futility	2111	futility
future	2112	future
gadget	2113	gadget
gadgetry	2113	gadgetry
gain	2114	gain
galaxy	2115	galaxy
gallery	2116	gallery
gallon	2117	gallon
gamble	2118	gamble
game	2119	game
gang	2120	gang
gangster	2120	gangster
gaol	2121	gaol
gap	2122	gap
garage	2123	garage
garbage	2124	garbage
garden	2125	garden
gardener	2125	gardener
gardening	2125	gardening
garlic	2126	garlic
garment	2127	garment
gas	2128	gas
gasp	2130	gasp
gate	2131	gate
gather	2132	gather
gathering	2132	gathering
gauge	2133	gauge
gay	2134	gay
gaze	2135	gaze
gear	2136	gear
gender	2137	gender
gene	2138	gene
general	2139	general
generally	2139	generally
generate	2140	generate
generation	2141	generation
generator	2140	generator
generosity	2142	generosity
generous	2142	generous
genetic	2138	genetic
genetically	2138	genetically
genius	2143	genius
genre	2144	genre
gentle	2145	gentle
gentleman	2146	gentleman
genuine	2147	genuine
geographic	2148	geographic
geographically	2148	geographically
geography	2148	geography
geological	2149	geological
geologically	2149	geologically
geology	2149	geology
geometric	2150	geometric
geometrically	2150	geometrically
geometry	2150	geometry
germ	2151	germ
gesture	2152	gesture
get	2153	get
ghost	2154	ghost
giant	2155	giant
gift	2156	gift
gifted	2156	gifted
gigantic	2155	gigantic
giggle	2157	giggle
girl	2158	girl
give	2159	give
given	2160	given
glacier	2161	glacier
glad	2162	glad
glance	2164	glance
gland	2165	gland
glare	2166	glare
glass	2167	glass
gleam	2168	gleam
glide	2169	glide
glider	2169	glider
glimpse	2170	glimpse
glitter	2171	glitter
global	2172	global
globe	2172	globe
gloom	2173	gloom
gloomy	2173	gloomy
glorious	2174	glorious
glory	2174	glory
glossary	2175	glossary
glove	2176	glove
glow	2177	glow
glue	2178	glue
go	2179	go
goal	2180	goal
goat	2181	goat
god	2182	god
gold	2183	gold
golden	2183	golden
golf	2184	golf
good	2185	good
goodbye	2186	goodbye
goodness	2187	goodness
goods	2188	goods
goose	2189	goose
gorge	2190	gorge
gorgeous	2191	gorgeous
gospel	2192	gospel
gossip	2193	gossip
govern	2194	govern
government	2194	government
governor	2194	governor
gown	2195	gown
grab	2196	grab
grace	2197	grace
graceful	2197	graceful
gracious	2197	gracious
grade	2198	grade
gradual	2199	gradual
gradually	2199	gradually
graduate	2200	graduate
graduation	2200	graduation
grain	2201	grain
grammar	2203	grammar
grammatical	2203	grammatical
grand	2204	grand
grandchild	2205	grandchild
grandchildren	2205	grandchildren
granddaughter	2205	granddaughter
grandfather	2206	grandfather
grandmother	2206	grandmother
grandparent	2206	grandparent
grandson	2205	grandson
grant	2207	grant
granted	2207	granted
grape	2208	grape
graph	2209	graph
graphic	2209	graphic
graphically	2209	graphically
grasp	2210	grasp
grass	2211	grass
grassy	2211	grassy
grateful	2212	grateful
gratitude	2213	gratitude
grave	2214	grave
gravitation	2215	gravitation
gravity	2216	gravity
graze	2218	graze
grease	2219	grease
greasy	2219	greasy
great	2220	great
greed	2221	greed
greedy	2221	greedy
green	2222	green
greenhouse	2223	greenhouse
greet	2224	greet
greeting	2224	greeting
grid	2225	grid
grief	2226	grief
grieve	2226	grieve
grievous	2226	grievous
grill	2227	grill
grim	2228	grim
grin	2229	grin
grind	2230	grind
grip	2231	grip
groan	2232	groan
grocer	2233	grocer
grocery	2233	grocery
groove	2234	groove
grope	2235	grope
gross	2236	gross
ground	2237	ground
group	2238	group
grow	2239	grow
growth	2239	growth
guarantee	2240	guarantee
guard	2241	guard
guardian	2241	guardian
guess	2242	guess
guest	2243	guest
guidance	2244	guidance
guide	2244	guide
guideline	2245	guideline
guilt	2246	guilt
guilty	2246	guilty
guitar	2247	guitar
guitarist	2247	guitarist
gulf	2248	gulf
gum	2249	gum
gun	2250	gun
gut	2251	gut
guy	2252	guy
habit	2254	habit
habitat	2255	habitat
habitual	2254	habitual
hack	2256,2257	hack²,hack¹
hacker	2256	hacker
hail	2258,2259	hail²,hail¹
hair	2260	hair
hairy	2260	hairy
half	2261	half
halfway	2262	halfway
hall	2263	hall
halt	2264	halt
ham	2265	ham
hammer	2267	hammer
hamper	2268	hamper
hand	2269	hand
handbook	2270	handbook
handful	2269	handful
handicap	2271	handicap
handicapped	2271	handicapped
handicraft	2272	handicraft
handle	2273	handle
handsome	2274	handsome
handwriting	2275	handwriting
handy	2276	handy
hang	2277	hang
happen	2278	happen
happily	2279	happily
happiness	2279	happiness
happy	2279	happy
harass	2280	harass
harassment	2280	harassment
hard	2282	hard
harden	2282	harden
hardly	2283	hardly
hardship	2284	hardship
hardware	2285	hardware
hardy	2286	hardy
harm	2287	harm
harmful	2287	harmful
harmless	2287	harmless
harmonious	2288	harmonious
harmony	2288	harmony
harness	2289	harness
harsh	2290	harsh
harvest	2291	harvest
haste	2292	haste
hasten	2292	hasten
hasty	2292	hasty
hat	2293	hat
hatch	2294	hatch
hate	2295	hate
hateful	2295	hateful
hatred	2295	hatred
haul	2296	haul
haunt	2297	haunt
have	2298	have
haven	2299	haven
havoc	2300	havoc
hawk	2301	hawk
hay	2302	hay
hazard	2303	hazard
hazardous	2303	hazardous
haze	2304	haze
hazy	2304	hazy
he	2305	he
head	2306	head
headache	2307	headache
heading	2308	heading
headline	2309	headline
headmaster	2310	headmaster
headmistress	2310	headmistress
headquarters	2311	headquarters
heal	2312	heal
health	2313	health
healthful	2313	healthful
healthy	2313	healthy
heap	2314	heap
hear	2315	hear
hearing	2315	hearing
heart	2316	heart
heartfelt	2317	heartfelt
hearty	2316	hearty
heat	2318	heat
heated	2318	heated
heating	2318	heating
heave	2319	heave
heaven	2320	heaven
heavy	2321	heavy
hectare	2322	hectare
hectic	2323	hectic
hedge	2324	hedge
heel	2325	heel
height	2326	height
heighten	2326	heighten
heir	2327	heir
heiress	2327	heiress
helicopter	2328	helicopter
hell	2329	hell
hello	2330	hello
helmet	2331	helmet
help	2332	help
helpful	2332	helpful
helpless	2332	helpless
helplessly	2332	helplessly
hemisphere	2333	hemisphere
hen	2334	hen
hence	2335	hence
henceforth	2336	henceforth
her	2337	her
herald	2338	herald
herb	2339	herb
herbal	2339	herbal
herd	2340	herd
here	2341	here
hereby	2342	hereby
heritage	2343	heritage
heroic	2344	heroic
heroin	2345	heroin
heroism	2344	heroism
hers	2346	hers
herself	2347	herself
hesitant	2348	hesitant
hesitate	2348	hesitate
hesitation	2348	hesitation
hi	2349	hi
hibernate	2350	hibernate
hibernation	2350	hibernation
hide	2351	hide
hiding	2351	hiding
hierarchical	2352	hierarchical
hierarchy	2352	hierarchy
high	2353	high
high-tech	2355	high-tech
highlight	2354	highlight
highly	2353	highly
highway	2356	highway
hijack	2357	hijack
hike	2358	hike
hill	2359	hill
hilly	2359	hilly
him	2360	him
himself	2361	himself
hinder	2362	hinder
hindrance	2362	hindrance
hinge	2363	hinge
hint	2364	hint
hip	2365	hip
hire	2366	hire
his	2367	his
historian	2368	historian
historic	2368	historic
historical	2368	historical
history	2368	history
hit	2369	hit
hitherto	2370	hitherto
hive	2371	hive
hobby	2372	hobby
hockey	2373	hockey
hoist	2374	hoist
hold	2375	hold
hole	2376	hole
holiday	2377	holiday
holiness	2379	holiness
hollow	2378	hollow
holy	2379	holy
home	2380	home
homeland	2381	homeland
homeless	2380	homeless
homely	2380	homely
homework	2382	homework
homogeneous	2383	homogeneous
honest	2385	honest
honesty	2385	honesty
honey	2386	honey
honeymoon	2387	honeymoon
hook	2389	hook
hop	2390	hop
hope	2391	hope
hopeful	2391	hopeful
hopeless	2391	hopeless
horizon	2392	horizon
horizontal	2392	horizontal
horn	2393	horn
horrible	2394	horrible
horrify	2394	horrify
horror	2394	horror
horse	2395	horse
horsepower	2396	horsepower
hose	2397	hose
hospitable	2399	hospitable
hospital	2398	hospital
hospitality	2399	hospitality
hospitalize	2398	hospitalize
host	2400,2401	host²,host¹
hostage	2402	hostage
hostess	2400	hostess
hostile	2403	hostile
hostility	2403	hostility
hot	2404	hot
hotdog	2405	hotdog
hotel	2406	hotel
hound	2407	hound
hour	2408	hour
hourly	2408	hourly
house	2409	house
household	2410	household
housewife	2411	housewife
housework	2412	housework
housing	2409	housing
hover	2413	hover
how	2414	how
however	2415	however
howl	2416	howl
huddle	2417	huddle
hug	2418	hug
huge	2419	huge
hum	2420	hum
human	2421	human
humane	2422	humane
humanism	2422	humanism
humanist	2422	humanist
humanitarian	2422	humanitarian
humanity	2421	humanity
humble	2423	humble
humbly	2423	humbly
humid	2424	humid
humidity	2424	humidity
humiliate	2425	humiliate
humiliation	2425	humiliation
hundred	2427	hundred
hunger	2428	hunger
hungry	2428	hungry
hunt	2429	hunt
hunter	2429	hunter
hunting	2429	hunting
hurdle	2430	hurdle
hurl	2431	hurl
hurricane	2432	hurricane
hurriedly	2433	hurriedly
hurry	2433	hurry
hurt	2434	hurt
hurtful	2434	hurtful
husband	2435	husband
hut	2436	hut
hybrid	2437	hybrid
hydrogen	2438	hydrogen
hygiene	2439	hygiene
hygienic	2439	hygienic
hyphen	2440	hyphen
hypocrisy	2441	hypocrisy
hypocrite	2441	hypocrite
hypocritical	2441	hypocritical
hypothesis	2442	hypothesis
hypothetical	2442	hypothetical
hysteria	2443	hysteria
hysterical	2443	hysterical
i	2444	I
ice	2445	ice
ice-cream	2447	ice-cream
iceberg	2446	iceberg
icon	2448	icon
icy	2445	icy
idea	2449	idea
ideal	2450	ideal
idealism	2450	idealism
idealistic	2450	idealistic
identical	2452	identical
identification	2451	identification
identify	2451	identify
identity	2452	identity
ideological	2453	ideological
ideology	2453	ideology
idiom	2454	idiom
idiomatic	2454	idiomatic
idiot	2455	idiot
idiotic	2455	idiotic
idle	2456	idle
idly	2456	idly
idol	2457	idol
if	2458	if
ignite	2459	ignite
ignition	2459	ignition
ignorance	2460	ignorance
ignorant	2460	ignorant
ignore	2461	ignore
ill	2462	ill
illegal	2463	illegal
illicit	2464	illicit
illiteracy	2465	illiteracy
illiterate	2465	illiterate
illness	2462	illness
illuminate	2466	illuminate
illumination	2466	illumination
illusion	2467	illusion
illusory	2467	illusory
illustrate	2468	illustrate
illustration	2468	illustration
illustrative	2468	illustrative
image	2469	image
imaginary	2470	imaginary
imagination	2470	imagination
imaginative	2470	imaginative
imagine	2470	imagine
imaging	2469	imaging
imitate	2471	imitate
imitation	2471	imitation
imitative	2471	imitative
immediate	2472	immediate
immediately	2472	immediately
immense	2473	immense
immensely	2473	immensely
immensity	2473	immensity
immerse	2474	immerse
immersion	2474	immersion
immigrant	2475	immigrant
immigrate	2475	immigrate
immigration	2475	immigration
imminent	2476	imminent
immune	2477	immune
immunity	2477	immunity
impact	2478	impact
impair	2479	impair
impart	2480	impart
impatience	2481	impatience
impatient	2481	impatient
imperative	2482	imperative
imperial	2483	imperial
imperialism	2483	imperialism
imperialist	2483	imperialist
impetus	2484	impetus
implement	2485,2486	implement²,implement¹
implementation	2485	implementation
implication	2488	implication
implicit	2487	implicit
imply	2488	imply
import	2489	import
importance	2490	importance
important	2490	important
importation	2489	importation
impose	2491	impose
imposing	2491	imposing
imposition	2491	imposition
impossibility	2492	impossibility
impossible	2492	impossible
impress	2493	impress
impression	2493	impression
impressive	2493	impressive
imprison	2494	imprison
imprisonment	2494	imprisonment
impromptu	2495	impromptu
improve	2496	improve
improvement	2496	improvement
impulse	2497	impulse
impulsive	2497	impulsive
in	2498	in
inaugurate	2499	inaugurate
inauguration	2499	inauguration
inborn	2500	inborn
incentive	2501	incentive
inch	2502	inch
incidence	2503	incidence
incident	2504	incident
incidental	2504	incidental
incidentally	2504	incidentally
inclination	2505	inclination
incline	2505	incline
inclined	2505	inclined
include	2506	include
including	2506	including
inclusion	2506	inclusion
inclusive	2506	inclusive
income	2507	income
incorporate	2508	incorporate
incorporation	2508	incorporation
increase	2509	increase
increasingly	2509	increasingly
incredible	2510	incredible
incredibly	2510	incredibly
incumbent	2511	incumbent
incur	2512	incur
indebted	2513	indebted
indeed	2514	indeed
indefinite	2515	indefinite
independence	2516	independence
independent	2516	independent
index	2517	index
indicate	2518	indicate
indication	2518	indication
indicative	2518	indicative
indicator	2518	indicator
indict	2519	indict
indictment	2519	indictment
indifference	2520	indifference
indifferent	2520	indifferent
indigenous	2521	indigenous
indignant	2522	indignant
indignation	2522	indignation
indispensable	2523	indispensable
individual	2524	individual
individualism	2524	individualism
indoor	2525	indoor
indoors	2525	indoors
induce	2526	induce
inducement	2526	inducement
indulge	2527	indulge
indulgence	2527	indulgence
indulgent	2527	indulgent
industrial	2528	industrial
industrious	2528	industrious
industry	2528	industry
inertia	2529	inertia
inevitable	2530	inevitable
infant	2531	infant
infect	2532	infect
infection	2532	infection
infectious	2532	infectious
infer	2533	infer
inference	2533	inference
inferior	2534	inferior
inferiority	2534	inferiority
infinite	2535	infinite
infinitive	2535	infinitive
infinity	2535	infinity
inflate	2536	inflate
inflation	2536	inflation
inflict	2537	inflict
infliction	2537	infliction
influence	2538	influence
influential	2538	influential
inform	2540	inform
informant	2540	informant
information	2540	information
informative	2540	informative
infrastructure	2541	infrastructure
infringe	2542	infringe
infringement	2542	infringement
ingenious	2543	ingenious
ingenuity	2543	ingenuity
ingredient	2544	ingredient
inhabit	2545	inhabit
inhabitant	2545	inhabitant
inherent	2546	inherent
inherit	2547	inherit
inheritance	2547	inheritance
inhibit	2548	inhibit
inhibition	2548	inhibition
initial	2549	initial
initially	2549	initially
initiate	2550	initiate
initiation	2550	initiation
initiative	2550	initiative
inject	2551	inject
injection	2551	injection
injure	2552	injure
injurious	2552	injurious
injury	2552	injury
ink	2553	ink
inland	2554	inland
inmate	2555	inmate
inn	2556	inn
inner	2557	inner
innocence	2558	innocence
innocent	2558	innocent
innovate	2559	innovate
innovation	2559	innovation
innovative	2559	innovative
innumerable	2560	innumerable
input	2561	input
inquisitive	2562	inquisitive
insane	2563	insane
insanity	2563	insanity
insect	2564	insect
insert	2565	insert
insertion	2565	insertion
inside	2566	inside
insider	2566	insider
insight	2567	insight
insightful	2567	insightful
insist	2568	insist
insistence	2568	insistence
insistent	2568	insistent
inspect	2569	inspect
inspection	2569	inspection
inspector	2569	inspector
inspiration	2570	inspiration
inspirational	2570	inspirational
inspire	2570	inspire
instance	2573	instance
instant	2574	instant
instantaneous	2574	instantaneous
instead	2575	instead
instinct	2576	instinct
instinctive	2576	instinctive
institute	2577	institute
institution	2578	institution
institutional	2578	institutional
instruct	2579	instruct
instruction	2579	instruction
instructive	2579	instructive
instructor	2579	instructor
instrument	2580	instrument
instrumental	2580	instrumental
insulate	2581	insulate
insulation	2581	insulation
insulator	2581	insulator
insult	2582	insult
insurance	2583	insurance
intact	2584	intact
intake	2585	intake
intangible	2586	intangible
integral	2587	integral
integrate	2588	integrate
integration	2588	integration
integrity	2589	integrity
intellect	2590	intellect
intellectual	2591	intellectual
intelligence	2592	intelligence
intelligent	2592	intelligent
intelligible	2593	intelligible
intend	2594	intend
intense	2595	intense
intensify	2595	intensify
intensity	2595	intensity
intensive	2596	intensive
intent	2594	intent
intention	2594	intention
intentional	2594	intentional
interact	2597	interact
interaction	2597	interaction
interactive	2597	interactive
intercourse	2598	intercourse
interest	2599	interest
interested	2599	interested
interesting	2599	interesting
interfere	2600	interfere
interference	2600	interference
interim	2601	interim
interior	2602	interior
intermediary	2603	intermediary
intermediate	2603	intermediate
intermittent	2604	intermittent
internal	2605	internal
international	2606	international
interpret	2608	interpret
interpretation	2608	interpretation
interpreter	2608	interpreter
interrogate	2609	interrogate
interrogation	2609	interrogation
interrupt	2610	interrupt
interruption	2610	interruption
interval	2611	interval
intervene	2612	intervene
intervention	2612	intervention
interview	2613	interview
interviewee	2613	interviewee
interviewer	2613	interviewer
intimacy	2614	intimacy
intimate	2614	intimate
intimidate	2615	intimidate
intimidation	2615	intimidation
into	2616	into
intricacy	2617	intricacy
intricate	2617	intricate
intrigue	2618	intrigue
intrinsic	2619	intrinsic
intrinsically	2619	intrinsically
introduce	2620	introduce
introduction	2620	introduction
introductory	2620	introductory
intrude	2621	intrude
intruder	2621	intruder
intrusion	2621	intrusion
intuition	2622	intuition
intuitive	2622	intuitive
invade	2623	invade
invader	2623	invader
invalid	2624,2625	invalid²,invalid¹
invaluable	2626	invaluable
invariably	2627	invariably
invasion	2623	invasion
invasive	2623	invasive
invent	2628	invent
invention	2628	invention
inventor	2628	inventor
inventory	2629	inventory
inversion	2630	inversion
invert	2630	invert
invest	2631	invest
investigate	2632	investigate
investigation	2632	investigation
investigator	2632	investigator
investment	2631	investment
investor	2631	investor
invisible	2633	invisible
invitation	2634	invitation
invite	2634	invite
inviting	2634	inviting
involve	2635	involve
involved	2635	involved
involvement	2635	involvement
inward	2636	inward
iron	2637	iron
ironically	2638	ironically
irony	2638	irony
irrational	2639	irrational
irregular	2640	irregular
irrespective	2641	irrespective
irrigate	2642	irrigate
irrigation	2642	irrigation
irritable	2643	irritable
irritate	2643	irritate
irritating	2643	irritating
irritation	2643	irritation
island	2644	island
isle	2645	isle
isolate	2646	isolate
isolation	2646	isolation
issue	2647	issue
it	2648	it
item	2649	item
its	2650	its
itself	2651	itself
ivory	2652	ivory
jack	2653	jack
jacket	2654	jacket
jam	2656,2657	jam²,jam¹
january	2658	January
jar	2659,2660	jar²,jar¹
jargon	2661	jargon
jaw	2662	jaw
jazz	2663	jazz
jealous	2664	jealous
jealousy	2664	jealousy
jeans	2665	jeans
jeep	2666	jeep
jelly	2667	jelly
jeopardy	2668	jeopardy
jerk	2669	jerk
jet	2670	jet
jetlag	2671	jetlag
jewel	2672	jewel
job	2673	job
jockey	2674	jockey
jog	2675	jog
join	2676	join
joint	2677	joint
joke	2678	joke
jolly	2679	jolly
journal	2680	journal
journalism	2681	journalism
journalist	2681	journalist
journey	2682	journey
joy	2683	joy
joyful	2683	joyful
joyous	2683	joyous
judge	2684	judge
judicial	2685	judicial
judiciary	2686	judiciary
juice	2687	juice
juicy	2687	juicy
july	2688	July
jump	2689	jump
junction	2690	junction
june	2691	June
jungle	2692	jungle
junior	2693	junior
junk	2694	junk
jurisdiction	2695	jurisdiction
juror	2696	juror
jury	2696	jury
just	2697,2698	just²,just¹
justice	2699	justice
justification	2700	justification
justify	2700	justify
juvenile	2701	juvenile
keen	2702	keen
keep	2703	keep
kettle	2704	kettle
key	2705	key
keyboard	2706	keyboard
kick	2707	kick
kid	2708	kid
kidnap	2709	kidnap
kidney	2710	kidney
kill	2711	kill
kin	2714	kin
kind	2715	kind
kindergarten	2716	kindergarten
kindness	2715	kindness
king	2717	king
kingdom	2718	kingdom
kiss	2719	kiss
kit	2720	kit
kitchen	2721	kitchen
kite	2722	kite
knee	2723	knee
kneel	2724	kneel
knife	2725	knife
knight	2726	knight
knit	2727	knit
knob	2728	knob
knock	2729	knock
knot	2730	knot
knotty	2730	knotty
know	2731	know
knowhow	2732	knowhow
knowledge	2731	knowledge
knowledgeable	2731	knowledgeable
label	2733	label
laborious	2734	laborious
lace	2736	lace
lack	2737	lack
lad	2738	lad
ladder	2739	ladder
lady	2740	lady
lag	2741	lag
lake	2742	lake
lamb	2743	lamb
lame	2744	lame
lamp	2745	lamp
land	2746	land
landing	2746	landing
landmark	2748	landmark
landscape	2749	landscape
lane	2750	lane
language	2751	language
lap	2752	lap
laptop	2753	laptop
large	2754	large
largely	2754	largely
laser	2755	laser
lash	2756	lash
lass	2757	lass
last	2758	last
lastly	2758	lastly
late	2759	late
lately	2760	lately
later	2759	later
latitude	2761	latitude
latter	2762	latter
laugh	2763	laugh
laughter	2763	laughter
launch	2764	launch
laundry	2765	laundry
lavatory	2766	lavatory
lavish	2767	lavish
law	2768	law
lawful	2768	lawful
lawn	2769	lawn
lawsuit	2770	lawsuit
lawyer	2771	lawyer
lay	2772	lay
layer	2773	layer
layman	2774	layman
layoff	2775	layoff
layout	2776	layout
laziness	2777	laziness
lazy	2777	lazy
lead	2778,2779	lead²,lead¹
leader	2778	leader
leadership	2778	leadership
leading	2778	leading
leaf	2780	leaf
leaflet	2781	leaflet
league	2782	league
leak	2783	leak
lean	2784	lean
leap	2785	leap
learn	2786	learn
learned	2786	learned
learner	2786	learner
learning	2786	learning
lease	2787	lease
least	2788	least
leather	2789	leather
leave	2790	leave
lecture	2791	lecture
lecturer	2791	lecturer
left	2792	left
leftist	2792	leftist
leg	2793	leg
legacy	2794	legacy
legal	2795	legal
legend	2796	legend
legendary	2796	legendary
legislate	2797	legislate
legislation	2797	legislation
legislative	2797	legislative
legislator	2797	legislator
legitimacy	2798	legitimacy
legitimate	2798	legitimate
leisure	2799	leisure
leisurely	2799	leisurely
lemon	2800	lemon
lemonade	2800	lemonade
lend	2801	lend
length	2878	length
lengthy	2878	lengthy
leniency	2802	leniency
lenient	2802	lenient
lens	2803	lens
lesbian	2804	lesbian
less	2805	less
lesson	2806	lesson
lest	2807	lest
let	2808	let
letter	2809	letter
level	2810	level
lever	2811	lever
leverage	2811	leverage
levy	2812	levy
liability	2813	liability
liable	2813	liable
liar	2821	liar
liberal	2814	liberal
liberate	2815	liberate
liberation	2815	liberation
liberty	2816	liberty
librarian	2817	librarian
library	2817	library
lick	2819	lick
lid	2820	lid
lie	2821,2822	lie²,lie¹
lieutenant	2823	lieutenant
life	2824	life
lift	2825	lift
light	2826,2827	light²,light¹
lighting	2826	lighting
lightning	2828	lightning
like	2829,2830	like²,like¹
likelihood	2830	likelihood
likely	2830	likely
likewise	2831	likewise
lily	2832	lily
limb	2833	limb
lime	2834	lime
limelight	2835	limelight
limit	2836	limit
limitation	2836	limitation
limited	2836	limited
limp	2837	limp
line	2838	line
linear	2838	linear
linen	2839	linen
liner	2840	liner
linger	2841	linger
linguistic	2842	linguistic
linguistics	2842	linguistics
link	2843	link
linkage	2843	linkage
lion	2844	lion
lioness	2844	lioness
lip	2845	lip
lipstick	2846	lipstick
liquid	2847	liquid
liquor	2848	liquor
list	2849	list
listen	2850	listen
listener	2850	listener
literacy	2853	literacy
literal	2852	literal
literally	2852	literally
literary	2853	literary
literate	2853	literate
literature	2853	literature
litter	2854	litter
little	2855	little
live	2856,2857	live²,live¹
livelihood	2858	livelihood
lively	2859	lively
liver	2860	liver
livestock	2861	livestock
living	2856	living
living-room	2862	living-room
load	2863	load
loaf	2864	loaf
loan	2865	loan
lobby	2866	lobby
lobbyist	2866	lobbyist
local	2867	local
locality	2867	locality
locate	2868	locate
location	2868	location
lock	2869	lock
locker	2869	locker
locomotive	2870	locomotive
lodge	2871	lodge
lodging	2871	lodging
lofty	2872	lofty
log	2873	log
logic	2874	logic
logical	2874	logical
logistics	2875	logistics
logo	2876	logo
loneliness	2877	loneliness
lonely	2877	lonely
long	2878,2879	long²,long¹
longevity	2880	longevity
longitude	2881	longitude
longitudinal	2881	longitudinal
look	2882	look
loom	2883	loom
loop	2884	loop
loophole	2885	loophole
loose	2886	loose
loosen	2886	loosen
loot	2887	loot
lord	2888	lord
lorry	2889	lorry
lose	2890	lose
loss	2890	loss
lot	2891	lot
lotion	2892	lotion
lottery	2893	lottery
loud	2894	loud
loudly	2894	loudly
lounge	2895	lounge
love	2896	love
lovely	2896	lovely
lover	2896	lover
low	2897	low
lower	2897	lower
loyal	2898	loyal
loyalty	2898	loyalty
lubricate	2899	lubricate
lubrication	2899	lubrication
luck	2900	luck
lucky	2900	lucky
lucrative	2901	lucrative
luggage	2902	luggage
luminous	2903	luminous
lump	2904	lump
lunar	2905	lunar
lunch	2906	lunch
luncheon	2906	luncheon
lung	2907	lung
lure	2908	lure
luxurious	2909	luxurious
luxury	2909	luxury
lyric	2910	lyric
lyrical	2910	lyrical
machine	2911	machine
machinery	2911	machinery
mad	2912	mad
madam	2913	madam
madden	2912	madden
magazine	2914	magazine
magic	2915	magic
magical	2915	magical
magistrate	2916	magistrate
magnet	2917	magnet
magnetic	2917	magnetic
magnificence	2918	magnificence
magnificent	2918	magnificent
magnify	2919	magnify
magnitude	2920	magnitude
maid	2921	maid
maiden	2922	maiden
mail	2923	mail
main	2924	main
mainland	2925	mainland
mainstream	2926	mainstream
maintain	2927	maintain
maintenance	2927	maintenance
majestic	2928	majestic
majesty	2928	majesty
major	2929	major
majority	2929	majority
make	2930	make
makeup	2931	makeup
male	2932	male
malice	2933	malice
malicious	2933	malicious
malignant	2934	malignant
mall	2935	mall
malpractice	2936	malpractice
mammal	2937	mammal
man	2938	man
manage	2939	manage
management	2939	management
manager	2939	manager
managerial	2939	managerial
mandate	2940	mandate
mandatory	2940	mandatory
manhood	2938	manhood
manifest	2942	manifest
manifestation	2942	manifestation
manipulate	2943	manipulate
manipulation	2943	manipulation
manipulative	2943	manipulative
mankind	2944	mankind
manly	2938	manly
manner	2945	manner
mansion	2946	mansion
manual	2947	manual
manufacture	2948	manufacture
manufacturer	2948	manufacturer
manuscript	2949	manuscript
many	2950	many
map	2951	map
mar	2952	mar
marathon	2953	marathon
marble	2954	marble
march	2955,2956	March,march
margin	2957	margin
marginal	2957	marginal
marine	2958	marine
marital	2962	marital
maritime	2959	maritime
mark	2960	mark
market	2961	market
marketing	2961	marketing
marriage	2962	marriage
marry	2962	marry
marsh	2963	marsh
marshal	2964	marshal
martyr	2965	martyr
martyrdom	2965	martyrdom
marvel	2966	marvel
marxism	2967	Marxism
marxist	2967	Marxist
masculine	2968	masculine
masculinity	2968	masculinity
mask	2969	mask
mass	2970	mass
massacre	2971	massacre
massage	2972	massage
massive	2970	massive
master	2973	master
masterpiece	2974	masterpiece
mastery	2973	mastery
mat	2975	mat
match	2976	match
mate	2977	mate
material	2978	material
materialism	2978	materialism
materialist	2978	materialist
maternal	2979	maternal
maternity	2979	maternity
mathematical	2980	mathematical
matter	2981	matter
mature	2982	mature
maturity	2982	maturity
maximal	2983	maximal
maximum	2983	maximum
may	2984,2985	May,may
maybe	2986	maybe
mayor	2987	mayor
me	2988	me
meadow	2989	meadow
meal	2990	meal
mean	2991,2992,2993	mean²,mean³,mean¹
meaning	2991	meaning
meaningful	2991	meaningful
means	2994	means
meantime	2995	meantime
meanwhile	2996	meanwhile
measurable	2997	measurable
measure	2997	measure
measurement	2997	measurement
meat	2998	meat
meaty	2998	meaty
mechanic	2999	mechanic
mechanical	2999	mechanical
mechanics	2999	mechanics
mechanism	2999	mechanism
medal	3001	medal
media	3008	media
mediate	3002	mediate
mediation	3002	mediation
mediator	3002	mediator
medical	3003	medical
medicare	3004	Medicare
medication	3005	medication
medicinal	3006	medicinal
medicine	3006	medicine
medieval	3007	medieval
medium	3008	medium
meet	3009	meet
meeting	3010	meeting
melodious	3011	melodious
melody	3011	melody
melon	3012	melon
melt	3013	melt
member	3014	member
membership	3014	membership
memorial	3016	memorial
memory	3017	memory
menace	3018	menace
mend	3019	mend
mental	3020	mental
mentality	3020	mentality
mention	3021	mention
mentor	3022	mentor
menu	3023	menu
merchandise	3024	merchandise
merchant	3025	merchant
merciful	3027	merciful
mercury	3026	mercury
mercy	3027	mercy
mere	3028	mere
merely	3028	merely
merge	3029	merge
merger	3029	merger
merit	3030	merit
meritorious	3030	meritorious
merriment	3031	merriment
merry	3031	merry
mess	3032	mess
message	3033	message
messenger	3033	messenger
messy	3032	messy
metabolic	3034	metabolic
metabolism	3034	metabolism
metal	3035	metal
metallic	3035	metallic
metaphor	3036	metaphor
metaphorical	3036	metaphorical
method	3038	method
methodical	3038	methodical
methodology	3038	methodology
meticulous	3039	meticulous
metric	3037	metric
metro	3040	metro
metropolitan	3041	metropolitan
microphone	3042	microphone
microscope	3043	microscope
microscopic	3043	microscopic
microwavable	3044	microwavable
microwave	3044	microwave
midday	3045	midday
middle	3046	middle
middle-class	3047	middle-class
midnight	3048	midnight
midst	3049	midst
midwife	3050	midwife
might	3051	might
mighty	3051	mighty
migrant	3052	migrant
migrate	3052	migrate
migration	3052	migration
mild	3053	mild
mile	3054	mile
mileage	3054	mileage
milestone	3055	milestone
militancy	3056	militancy
militant	3056	militant
military	3057	military
militia	3058	militia
milk	3059	milk
milky	3059	milky
mill	3060	mill
million	3062	million
millionaire	3062	millionaire
mind	3063	mind
mindset	3064	mindset
mine	3065,3066,3067	mine²,mine³,mine¹
mineral	3066	mineral
mingle	3068	mingle
miniature	3069	miniature
minimal	3070	minimal
minimum	3070	minimum
mining	3066	mining
minister	3071	minister
ministerial	3071	ministerial
ministry	3071	ministry
minor	3072	minor
minority	3072	minority
mint	3073	mint
minus	3074	minus
minute	3075,3076	minute²,minute¹
miracle	3077	miracle
miraculous	3077	miraculous
mirror	3078	mirror
miserable	3079	miserable
misery	3079	misery
misfortune	3080	misfortune
mislead	3081	mislead
misleading	3081	misleading
miss	3082,3083	miss²,miss¹
missile	3084	missile
missing	3085	missing
mission	3086	mission
missionary	3087	missionary
mist	3088	mist
mistake	3089	mistake
mistaken	3089	mistaken
mister	3090	mister
mistress	3091	mistress
misty	3088	misty
misunderstand	3092	misunderstand
misunderstanding	3092	misunderstanding
mix	3093	mix
mixer	3093	mixer
mixture	3093	mixture
moan	3094	moan
mobile	3095	mobile
mock	3097	mock
mode	3098	mode
model	3099	model
moderate	3100	moderate
moderation	3100	moderation
moderator	3100	moderator
modern	3101	modern
modest	3102	modest
modesty	3102	modesty
modification	3103	modification
modifier	3103	modifier
modify	3103	modify
moist	3104	moist
moisture	3104	moisture
molecular	3106	molecular
molecule	3106	molecule
moment	3108	moment
momentarily	3108	momentarily
momentary	3108	momentary
momentous	3109	momentous
momentum	3109	momentum
monarch	3110	monarch
monarchy	3110	monarchy
monday	3111	Monday
monetary	3112	monetary
money	3112	money
monitor	3113	monitor
monkey	3114	monkey
monopoly	3115	monopoly
monotonous	3116	monotonous
monotony	3116	monotony
monster	3117	monster
monstrous	3117	monstrous
month	3118	month
monthly	3118	monthly
monument	3119	monument
monumental	3119	monumental
mood	3120	mood
moody	3120	moody
moon	3121	moon
mop	3122	mop
moral	3123	moral
morale	3124	morale
morality	3123	morality
more	3125	more
moreover	3126	moreover
morning	3127	morning
mortal	3128	mortal
mortality	3128	mortality
mortgage	3129	mortgage
mosquito	3130	mosquito
most	3131	most
mostly	3131	mostly
motel	3132	motel
mother	3133	mother
motherly	3133	motherly
motion	3134	motion
motivate	3135	motivate
motivation	3135	motivation
motive	3136	motive
motor	3137	motor
motorway	3138	motorway
mount	3139,3140	mount²,mount¹
mountain	3141	mountain
mountainous	3141	mountainous
mounting	3139	mounting
mourn	3142	mourn
mourning	3142	mourning
mouse	3143	mouse
mouth	3144	mouth
mouthful	3144	mouthful
move	3145	move
movement	3145	movement
movie	3146	movie
mow	3147	mow
much	3148	much
mud	3149	mud
muddy	3149	muddy
mug	3150	mug
mule	3151	mule
multilateral	3152	multilateral
multiple	3153	multiple
multiplication	3153	multiplication
multiply	3153	multiply
multitude	3154	multitude
municipal	3155	municipal
municipality	3155	municipality
murder	3156	murder
murderous	3156	murderous
murmur	3157	murmur
muscle	3158	muscle
muscular	3158	muscular
museum	3159	museum
mushroom	3160	mushroom
music	3161	music
musical	3161	musical
musician	3161	musician
must	3162	must
mute	3163	mute
mutter	3164	mutter
mutual	3165	mutual
my	3166	my
myself	3167	myself
mysterious	3168	mysterious
mystery	3168	mystery
myth	3169	myth
mythical	3169	mythical
mythology	3169	mythology
nail	3170	nail
naive	3171	naive
naivety	3171	naivety
naked	3172	naked
name	3173	name
namely	3174	namely
nap	3175	nap
napkin	3176	napkin
narrate	3177	narrate
narration	3177	narration
narrative	3177	narrative
narrator	3177	narrator
narrow	3178	narrow
narrowly	3178	narrowly
nasty	3179	nasty
nation	3180	nation
national	3180	national
nationalism	3180	nationalism
nationalist	3180	nationalist
nationality	3180	nationality
nationwide	3181	nationwide
native	3182	native
natural	3183	natural
naturally	3183	naturally
nature	3183	nature
naughty	3184	naughty
naval	3186	naval
navigate	3185	navigate
navigation	3185	navigation
navy	3186	navy
near	3187	near
nearby	3188	nearby
nearly	3187	nearly
neat	3189	neat
necessarily	3190	necessarily
necessary	3190	necessary
necessitate	3191	necessitate
necessity	3191	necessity
neck	3192	neck
necklace	3193	necklace
need	3194	need
needle	3195	needle
needy	3194	needy
negate	3196	negate
negation	3196	negation
negative	3196	negative
neglect	3197	neglect
neglectful	3197	neglectful
negligence	3198	negligence
negligent	3198	negligent
negligible	3199	negligible
negotiable	3200	negotiable
negotiate	3200	negotiate
negotiation	3200	negotiation
neither	3202	neither
nephew	3203	nephew
nerve	3204	nerve
nervous	3204	nervous
nest	3205	nest
net	3206	net
network	3207	network
networking	3207	networking
neutral	3208	neutral
neutrality	3208	neutrality
never	3209	never
nevertheless	3210	nevertheless
new	3211	new
news	3212	news
newspaper	3213	newspaper
next	3214	next
nice	3215	nice
nicety	3215	nicety
nickel	3216	nickel
nickname	3217	nickname
niece	3218	niece
night	3219	night
nightly	3219	nightly
nightmare	3220	nightmare
nil	3221	nil
nine	3222	nine
nineteen	3223	nineteen
ninety	3224	ninety
ninth	3225	ninth
nitrogen	3226	nitrogen
no	3227	no
nobility	3228	nobility
noble	3228	noble
nobody	3229	nobody
nod	3230	nod
noise	3231	noise
noisy	3231	noisy
nominal	3232	nominal
nominate	3233	nominate
nomination	3233	nomination
nominee	3233	nominee
none	3234	none
nonetheless	3235	nonetheless
nonsense	3236	nonsense
noodle	3237	noodle
noon	3238	noon
nor	3239	nor
norm	3240	norm
normal	3241	normal
normally	3241	normally
north	3242	north
northeast	3243	northeast
northeastern	3243	northeastern
northern	3242	northern
northwest	3244	northwest
northwestern	3244	northwestern
nose	3245	nose
nosy	3245	nosy
not	3246	not
notable	3247	notable
notation	3247	notation
note	3247	note
notebook	3248	notebook
noteworthy	3249	noteworthy
nothing	3250	nothing
notice	3251	notice
noticeable	3251	noticeable
notification	3252	notification
notify	3252	notify
notion	3253	notion
notional	3253	notional
notoriety	3254	notoriety
notorious	3254	notorious
notwithstanding	3255	notwithstanding
noun	3256	noun
nourish	3257	nourish
nourishment	3257	nourishment
novel	3258,3259	novel²,novel¹
novelist	3258	novelist
novelty	3259	novelty
november	3260	November
now	3261	now
nowadays	3262	nowadays
nowhere	3263	nowhere
nuclear	3264	nuclear
nucleus	3264	nucleus
nude	3265	nude
nudity	3265	nudity
nuisance	3266	nuisance
numb	3267	numb
number	3268	number
numerical	3269	numerical
numerous	3270	numerous
nurse	3271	nurse
nursery	3272	nursery
nurture	3273	nurture
nut	3274	nut
nutrient	3275	nutrient
nutrition	3275	nutrition
o'clock	3299	o'clock
oak	3276	oak
oar	3277	oar
oath	3278	oath
obedience	3280	obedience
obedient	3280	obedient
obese	3279	obese
obesity	3279	obesity
obey	3280	obey
object	3281,3282	object²,object¹
objection	3282	objection
objective	3283	objective
obligation	3284	obligation
obligatory	3284	obligatory
oblige	3284	oblige
obliged	3284	obliged
obscene	3285	obscene
obscenity	3285	obscenity
obscure	3286	obscure
obscurity	3286	obscurity
observant	3288	observant
observation	3288	observation
observatory	3287	observatory
observe	3288	observe
observer	3288	observer
obsess	3289	obsess
obsession	3289	obsession
obsessive	3289	obsessive
obstacle	3290	obstacle
obstruct	3291	obstruct
obstruction	3291	obstruction
obtain	3292	obtain
obtainment	3292	obtainment
obvious	3293	obvious
obviously	3293	obviously
occasion	3294	occasion
occasional	3294	occasional
occasionally	3294	occasionally
occupancy	3296	occupancy
occupant	3296	occupant
occupation	3295	occupation
occupational	3295	occupational
occupy	3296	occupy
occur	3297	occur
occurrence	3297	occurrence
ocean	3298	ocean
oceanic	3298	oceanic
october	3300	October
odd	3301	odd
oddity	3301	oddity
odds	3302	odds
odorous	3303	odorous
of	3304	of
off	3305	off
offend	3306	offend
offender	3306	offender
offensive	3306	offensive
offer	3307	offer
offering	3307	offering
office	3308	office
officer	3309	officer
official	3310	official
offset	3311	offset
offspring	3312	offspring
oil	3314	oil
oily	3314	oily
okay	3315	okay
old	3316	old
old-fashioned	3317	old-fashioned
olive	3318	olive
olympiad	3319	Olympiad
olympic	3319	Olympic
olympics	3319	Olympics
omission	3320	omission
omit	3320	omit
on	3321	on
once	3322	once
one	3323	one
oneself	3324	oneself
ongoing	3325	ongoing
onion	3326	onion
online	3327	online
only	3328	only
onset	3329	onset
onto	3330	onto
onward	3331	onward
opaque	3332	opaque
open	3333	open
opener	3333	opener
opening	3333	opening
openly	3333	openly
opera	3334	opera
operate	3335	operate
operation	3335	operation
operational	3335	operational
operative	3336	operative
operator	3335	operator
opinion	3337	opinion
opponent	3339	opponent
opportunity	3338	opportunity
oppose	3339	oppose
opposite	3340	opposite
opposition	3339	opposition
oppress	3341	oppress
oppression	3341	oppression
oppressive	3341	oppressive
opt	3342	opt
optic	3343	optic
optical	3343	optical
optimal	3345	optimal
optimism	3344	optimism
optimist	3344	optimist
optimistic	3344	optimistic
optimum	3345	optimum
option	3342	option
optional	3342	optional
or	3346	or
oral	3347	oral
orange	3348	orange
orbit	3349	orbit
orbital	3349	orbital
orchestra	3350	orchestra
ordeal	3351	ordeal
order	3352	order
orderly	3352	orderly
ordinary	3353	ordinary
ore	3354	ore
organ	3355	organ
organic	3356	organic
organism	3357	organism
orient	3359,3360	orient²,orient¹
oriental	3360	oriental
orientation	3359	orientation
origin	3361	origin
original	3361	original
originality	3361	originality
originate	3361	originate
ornament	3362	ornament
ornamental	3362	ornamental
orphan	3363	orphan
orphanage	3363	orphanage
orthodox	3364	orthodox
other	3365	other
otherwise	3366	otherwise
ought	3367	ought
ounce	3368	ounce
our	3369	our
ours	3370	ours
ourselves	3371	ourselves
out	3372	out
outbreak	3373	outbreak
outcome	3374	outcome
outdated	3375	outdated
outdoor	3376	outdoor
outdoors	3376	outdoors
outer	3377	outer
outfit	3378	outfit
outgoing	3379	outgoing
outing	3380	outing
outlaw	3381	outlaw
outlet	3382	outlet
outline	3383	outline
outlook	3384	outlook
output	3385	output
outrage	3386	outrage
outrageous	3386	outrageous
outset	3387	outset
outside	3388	outside
outsider	3388	outsider
outskirts	3389	outskirts
outstanding	3390	outstanding
outward	3391	outward
outwards	3391	outwards
oval	3392	oval
oven	3393	oven
over	3394	over
overall	3395	overall
overcoat	3396	overcoat
overcome	3397	overcome
overdue	3398	overdue
overflow	3399	overflow
overhaul	3400	overhaul
overhead	3401	overhead
overhear	3402	overhear
overlap	3403	overlap
overlook	3404	overlook
overnight	3405	overnight
override	3406	override
overseas	3407	overseas
oversee	3408	oversee
oversight	3409	oversight
overstate	3410	overstate
overt	3411	overt
overtake	3412	overtake
overthrow	3413	overthrow
overtime	3414	overtime
overturn	3415	overturn
overwhelm	3416	overwhelm
overwhelming	3416	overwhelming
overwhelmingly	3416	overwhelmingly
owe	3417	owe
owing	3417	owing
owl	3418	owl
own	3419	own
owner	3419	owner
ownership	3419	ownership
ox	3420	ox
oxide	3421	oxide
oxygen	3422	oxygen
ozone	3423	ozone
pace	3424	pace
pack	3425	pack
package	3426	package
packet	3427	packet
pact	3428	pact
pad	3429	pad
paddy	3430	paddy
page	3431	page
pain	3432	pain
painful	3432	painful
paint	3433	paint
painter	3433	painter
painting	3433	painting
pair	3434	pair
palace	3435	palace
pale	3436	pale
palm	3437	palm
pamphlet	3438	pamphlet
pan	3439	pan
panda	3440	panda
panel	3441	panel
panic	3442	panic
panorama	3443	panorama
panoramic	3443	panoramic
pant	3444	pant
pants	3445	pants
paper	3446	paper
paperback	3447	paperback
parachute	3448	parachute
parade	3449	parade
paradigm	3450	paradigm
paradise	3451	paradise
paradox	3452	paradox
paradoxical	3452	paradoxical
paragraph	3453	paragraph
parallel	3454	parallel
paralysis	3455	paralysis
parameter	3456	parameter
parasite	3457	parasite
parcel	3458	parcel
pardon	3459	pardon
parent	3460	parent
parental	3460	parental
parenting	3460	parenting
parish	3461	parish
park	3462,3463	park²,park¹
parking	3463	parking
parliament	3464	parliament
parliamentary	3464	parliamentary
parole	3465	parole
parrot	3466	parrot
part	3467	part
partial	3467	partial
partially	3467	partially
participant	3468	participant
participate	3468	participate
participation	3468	participation
particle	3469	particle
particular	3470	particular
particularly	3470	particularly
partisan	3471	partisan
partition	3472	partition
partly	3473	partly
partner	3474	partner
partnership	3474	partnership
party	3475	party
pass	3476	pass
passage	3477	passage
passenger	3478	passenger
passerby	3479	passerby
passion	3480	passion
passionate	3480	passionate
passive	3481	passive
passport	3482	passport
password	3483	password
past	3484	past
pasta	3485	pasta
paste	3486	paste
pastime	3487	pastime
pastry	3488	pastry
pasture	3489	pasture
pat	3490	pat
patch	3491	patch
patent	3492	patent
path	3493	path
pathetic	3494	pathetic
patience	3495	patience
patient	3495,3496	patient²,patient¹
patriot	3497	patriot
patriotic	3497	patriotic
patriotism	3497	patriotism
patrol	3498	patrol
patron	3499	patron
patronage	3499	patronage
pattern	3500	pattern
pause	3501	pause
pave	3502	pave
pavement	3502	pavement
paw	3503	paw
pay	3504	pay
payment	3504	payment
payroll	3505	payroll
pea	3506	pea
peace	3507	peace
peaceful	3507	peaceful
peach	3508	peach
peak	3509	peak
peanut	3510	peanut
pear	3511	pear
pearl	3512	pearl
peasant	3513	peasant
peck	3514	peck
peculiar	3515	peculiar
peculiarity	3515	peculiarity
pedal	3516	pedal
peddle	3517	peddle
pedestrian	3518	pedestrian
peel	3519	peel
peep	3520	peep
peer	3521	peer
peg	3522	peg
pen	3523	pen
penalty	3524	penalty
pencil	3525	pencil
pending	3526	pending
pendulum	3527	pendulum
penetrate	3528	penetrate
penetration	3528	penetration
penguin	3529	penguin
peninsula	3530	peninsula
penny	3531	penny
pension	3532	pension
pensioner	3532	pensioner
people	3533	people
pepper	3534	pepper
per	3535	per
perceive	3536	perceive
percent	3537	percent
percentage	3537	percentage
perception	3536	perception
perceptive	3536	perceptive
perch	3538	perch
perfect	3539	perfect
perfection	3539	perfection
perform	3540	perform
performance	3540	performance
performer	3540	performer
perfume	3541	perfume
perhaps	3542	perhaps
peril	3543	peril
perilous	3543	perilous
period	3544	period
periodic	3544	periodic
periodical	3544	periodical
perish	3545	perish
permanence	3546	permanence
permanent	3546	permanent
permeate	3547	permeate
permeation	3547	permeation
permissible	3548	permissible
permission	3548	permission
permissive	3548	permissive
permit	3548	permit
perpetual	3549	perpetual
perpetuate	3549	perpetuate
perplex	3550	perplex
perplexity	3550	perplexity
persecute	3551	persecute
persecution	3551	persecution
perseverance	3552	perseverance
persevere	3552	persevere
persist	3553	persist
persistence	3553	persistence
persistent	3553	persistent
person	3554	person
personal	3554	personal
personality	3554	personality
personally	3554	personally
personnel	3555	personnel
perspective	3556	perspective
persuade	3557	persuade
persuasion	3557	persuasion
persuasive	3557	persuasive
pessimism	3558	pessimism
pessimist	3558	pessimist
pessimistic	3558	pessimistic
pest	3559	pest
pesticide	3560	pesticide
pet	3561	pet
petition	3562	petition
petitioner	3562	petitioner
petrochemical	3563	petrochemical
petrol	3564	petrol
petroleum	3565	petroleum
petty	3566	petty
pharmaceutical	3567	pharmaceutical
pharmacy	3567	pharmacy
phase	3568	phase
phenomenon	3569	phenomenon
philosopher	3570	philosopher
philosophical	3570	philosophical
philosophy	3570	philosophy
photographer	3571	photographer
photographic	3571	photographic
photography	3571	photography
phrasal	3572	phrasal
phrase	3572	phrase
physical	3573	physical
physician	3574	physician
physicist	3575	physicist
physics	3575	physics
physiological	3576	physiological
pianist	3577	pianist
piano	3577	piano
pick	3578	pick
picky	3578	picky
picnic	3579	picnic
picture	3580	picture
picturesque	3580	picturesque
pie	3581	pie
piece	3582	piece
pierce	3583	pierce
pig	3584	pig
pigeon	3585	pigeon
pile	3586	pile
pilgrim	3587	pilgrim
pilgrimage	3587	pilgrimage
pill	3588	pill
pillar	3589	pillar
pillow	3590	pillow
pilot	3591	pilot
pin	3592	pin
pinch	3593	pinch
pine	3594	pine
pink	3595	pink
pint	3596	pint
pioneer	3597	pioneer
pipe	3598	pipe
piracy	3599	piracy
pirate	3599	pirate
pistol	3600	pistol
pit	3601	pit
pitch	3602	pitch
pity	3603	pity
pizza	3604	pizza
place	3605	place
placement	3605	placement
plague	3606	plague
plain	3607	plain
plaintiff	3608	plaintiff
plan	3609	plan
plane	3610	plane
planet	3611	planet
planetary	3611	planetary
planner	3609	planner
planning	3609	planning
plant	3612	plant
plantation	3612	plantation
plastic	3613	plastic
plate	3614	plate
plateau	3615	plateau
platform	3616	platform
plausible	3617	plausible
play	3618	play
player	3618	player
playground	3619	playground
plaza	3620	plaza
plea	3621	plea
plead	3622	plead
pleasant	3623	pleasant
please	3623	please
pleasing	3623	pleasing
pleasure	3623	pleasure
pledge	3624	pledge
plentiful	3625	plentiful
plenty	3625	plenty
plight	3626	plight
plot	3627	plot
plug	3629	plug
plumber	3630	plumber
plumbing	3631	plumbing
plunge	3632	plunge
plural	3633	plural
plus	3634	plus
pocket	3635	pocket
podcast	3636	podcast
poem	3637	poem
poet	3638	poet
poetic	3638	poetic
poetry	3637	poetry
point	3639	point
pointless	3639	pointless
poise	3640	poise
poised	3640	poised
poison	3641	poison
poisonous	3641	poisonous
poke	3642	poke
polar	3643	polar
pole	3643	pole
police	3644	police
policeman	3644	policeman
policy	3645	policy
polish	3646	polish
polite	3647	polite
politeness	3647	politeness
political	3648	political
politician	3648	politician
politics	3648	politics
poll	3649	poll
pollster	3649	pollster
pollutant	3650	pollutant
pollute	3650	pollute
pollution	3650	pollution
polytechnic	3651	polytechnic
pond	3652	pond
ponder	3653	ponder
pool	3654	pool
poor	3655	poor
pop	3656	pop
popular	3657	popular
popularity	3657	popularity
populate	3658	populate
population	3658	population
populous	3658	populous
porcelain	3659	porcelain
porch	3660	porch
pork	3661	pork
porridge	3662	porridge
port	3663	port
portable	3663	portable
porter	3663	porter
portfolio	3664	portfolio
portion	3665	portion
portrait	3666	portrait
portray	3666	portray
portrayal	3666	portrayal
pose	3667	pose
position	3668	position
positive	3669	positive
possess	3670	possess
possession	3670	possession
possessive	3670	possessive
possibility	3671	possibility
possible	3671	possible
possibly	3671	possibly
post	3672,3673	post²,post¹
postage	3672	postage
postcard	3674	postcard
poster	3675	poster
postman	3672	postman
postpone	3676	postpone
postponement	3676	postponement
posture	3667	posture
pot	3677	pot
potato	3678	potato
potent	3679	potent
potential	3680	potential
potentiality	3680	potentiality
pottery	3681	pottery
poultry	3682	poultry
pound	3683,3684	pound²,pound¹
pour	3685	pour
poverty	3655	poverty
powder	3686	powder
power	3687	power
powerful	3687	powerful
practicable	3688	practicable
practical	3689	practical
practicality	3689	practicality
practitioner	3690	practitioner
praise	3691	praise
pray	3692	pray
prayer	3692	prayer²,prayer¹
preach	3693	preach
preacher	3693	preacher
precaution	3694	precaution
precautionary	3694	precautionary
precede	3695	precede
precedent	3695	precedent
preceding	3695	preceding
precious	3696	precious
precise	3697	precise
precisely	3697	precisely
precision	3697	precision
predator	3698	predator
predatory	3698	predatory
predecessor	3699	predecessor
predict	3700	predict
predictable	3700	predictable
prediction	3700	prediction
predominance	3701	predominance
predominant	3701	predominant
predominate	3701	predominate
preface	3702	preface
prefer	3703	prefer
preferable	3703	preferable
preference	3703	preference
preferential	3703	preferential
pregnancy	3704	pregnancy
pregnant	3704	pregnant
prejudice	3705	prejudice
preliminary	3706	preliminary
premature	3707	premature
premier	3708	premier
premise	3709	premise
premium	3710	premium
preoccupied	3711	preoccupied
preoccupy	3711	preoccupy
preparation	3712	preparation
preparatory	3712	preparatory
prepare	3712	prepare
preposition	3713	preposition
prerequisite	3714	prerequisite
prescribe	3715	prescribe
prescription	3715	prescription
presence	3716	presence
present	3716,3717,3718	present²,present³,present¹
presentation	3717	presentation
presently	3718	presently
preservation	3719	preservation
preservative	3719	preservative
preserve	3719	preserve
preside	3720	preside
presidency	3721	presidency
president	3721	president
presidential	3721	presidential
press	3722,3723	press²,press¹
pressing	3723	pressing
pressure	3723	pressure
prestige	3724	prestige
prestigious	3724	prestigious
presumably	3725	presumably
presume	3725	presume
presumption	3725	presumption
pretend	3726	pretend
pretext	3727	pretext
pretty	3728	pretty
prevail	3729	prevail
prevalence	3729	prevalence
prevalent	3729	prevalent
prevent	3730	prevent
prevention	3730	prevention
preventive	3730	preventive
preview	3731	preview
previous	3732	previous
prey	3733	prey
price	3734	price
priceless	3734	priceless
pride	3735	pride
priest	3736	priest
primarily	3737	primarily
primary	3737	primary
prime	3738	prime
primitive	3739	primitive
principal	3741	principal
principle	3742	principle
print	3743	print
printer	3743	printer
printing	3743	printing
prior	3744	prior
priority	3744	priority
prison	3745	prison
prisoner	3745	prisoner
privacy	3746	privacy
private	3746	private
privilege	3747	privilege
privileged	3747	privileged
prize	3748	prize
probability	3749	probability
probable	3749	probable
probably	3749	probably
probe	3750	probe
problem	3751	problem
problematic	3751	problematic
procedure	3752	procedure
proceed	3753	proceed
proceedings	3753	proceedings
process	3754	process
procession	3755	procession
processor	3754	processor
proclaim	3756	proclaim
proclamation	3756	proclamation
produce	3757	produce
product	3758	product
production	3757	production
productive	3757	productive
productivity	3757	productivity
profession	3759	profession
professional	3759	professional
professor	3760	professor
proficiency	3761	proficiency
proficient	3761	proficient
profile	3762	profile
profit	3763	profit
profitable	3763	profitable
profound	3764	profound
progress	3766	progress
progression	3766	progression
progressive	3766	progressive
prohibit	3767	prohibit
prohibition	3767	prohibition
prohibitive	3767	prohibitive
project	3768,3769	project²,project¹
projection	3769	projection
projector	3769	projector
prolong	3770	prolong
prominence	3771	prominence
prominent	3771	prominent
promise	3772	promise
promising	3772	promising
promote	3773	promote
promotion	3773	promotion
prompt	3774	prompt
prone	3775	prone
pronoun	3776	pronoun
pronounce	3777	pronounce
pronunciation	3777	pronunciation
proof	3778	proof
proofread	3779	proofread
prop	3780	prop
propaganda	3781	propaganda
propagate	3782	propagate
propagation	3782	propagation
propel	3783	propel
propeller	3783	propeller
proper	3784	proper
property	3785	property
proportion	3786	proportion
proportional	3786	proportional
proposal	3787	proposal
propose	3787	propose
proposition	3787	proposition
prose	3788	prose
prosecute	3789	prosecute
prosecution	3789	prosecution
prospect	3790	prospect
prospective	3790	prospective
prosper	3791	prosper
prosperity	3791	prosperity
prosperous	3791	prosperous
protect	3792	protect
protection	3792	protection
protective	3792	protective
protein	3793	protein
protest	3794	protest
protocol	3795	protocol
prototype	3796	prototype
proud	3735	proud
prove	3797	prove
proverb	3798	proverb
proverbial	3798	proverbial
provide	3799	provide
provided	3800	provided
province	3801	province
provincial	3801	provincial
provision	3799	provision
provocation	3802	provocation
provocative	3802	provocative
provoke	3802	provoke
proximate	3803	proximate
proximity	3803	proximity
psychiatric	3804	psychiatric
psychiatrist	3804	psychiatrist
psychiatry	3804	psychiatry
psychological	3805	psychological
psychologist	3805	psychologist
psychology	3805	psychology
pub	3806	pub
public	3807	public
publication	3808	publication
publicity	3807	publicity
publicly	3807	publicly
publish	3808	publish
pudding	3809	pudding
pull	3810	pull
pulse	3811	pulse
pump	3812	pump
pumpkin	3813	pumpkin
punch	3814	punch
punctual	3815	punctual
punctuality	3815	punctuality
punish	3816	punish
punishment	3816	punishment
pupil	3817	pupil
purchase	3818	purchase
pure	3819	pure
purify	3819	purify
purity	3819	purity
purple	3820	purple
purpose	3821	purpose
purposeful	3821	purposeful
purse	3822	purse
pursue	3823	pursue
pursuit	3823	pursuit
push	3824	push
pushy	3824	pushy
put	3825	put
puzzle	3826	puzzle
puzzlement	3826	puzzlement
pyramid	3827	pyramid
quake	3828	quake
qualification	3829	qualification
qualify	3829	qualify
qualitative	3830	qualitative
quality	3830	quality
quantification	3831	quantification
quantify	3831	quantify
quantitative	3832	quantitative
quantity	3832	quantity
quarrel	3833	quarrel
quarrelsome	3833	quarrelsome
quart	3834	quart
quarter	3835	quarter
quarterly	3835	quarterly
queen	3836	queen
query	3837	query
quest	3838	quest
question	3839	question
questionnaire	3839	questionnaire
queue	3840	queue
quick	3841	quick
quiet	3842	quiet
quit	3843	quit
quite	3844	quite
quiver	3845	quiver
quiz	3846	quiz
quota	3847	quota
quotation	3848	quotation
quote	3848	quote
rabbit	3849	rabbit
race	3850,3851	race²,race¹
racial	3850	racial
racism	3850	racism
racist	3850	racist
rack	3852	rack
radar	3853	radar
radiant	3854	radiant
radiate	3854	radiate
radiation	3854	radiation
radiator	3854	radiator
radical	3855	radical
radio	3856	radio
radioactive	3857	radioactive
radioactivity	3857	radioactivity
rag	3858	rag
rage	3859	rage
ragged	3858	ragged
raggedly	3858	raggedly
raging	3859	raging
raid	3860	raid
rail	3861	rail
rain	3863	rain
rainbow	3864	rainbow
raincoat	3865	raincoat
rainy	3863	rainy
raise	3866	raise
rally	3867	rally
ranch	3868	ranch
random	3869	random
range	3870	range
rank	3871	rank
rap	3872	rap
rape	3873	rape
rapid	3874	rapid
rapidity	3874	rapidity
rare	3875	rare
rarely	3875	rarely
rarity	3875	rarity
rash	3876	rash
rat	3877	rat
rate	3878	rate
rather	3879	rather
ratification	3880	ratification
ratify	3880	ratify
rating	3878	rating
ratio	3881	ratio
ration	3882	ration
rational	3883	rational
rattle	3884	rattle
raw	3885	raw
ray	3886	ray
reach	3887	reach
react	3888	react
reaction	3888	reaction
reactionary	3888	reactionary
read	3889	read
reader	3889	reader
readily	3890	readily
reading	3889	reading
ready	3890	ready
real	3891	real
realism	3892	realism
realistic	3892	realistic
reality	3891	reality
really	3891	really
realm	3894	realm
reap	3895	reap
rear	3896	rear
reason	3897	reason
reasonable	3897	reasonable
reassurance	3898	reassurance
reassure	3898	reassure
rebel	3899	rebel
rebellion	3899	rebellion
rebellious	3899	rebellious
recall	3900	recall
recede	3901	recede
receipt	3902	receipt
receive	3902	receive
receiver	3902	receiver
recent	3903	recent
recently	3903	recently
reception	3904	reception
receptionist	3904	receptionist
receptive	3902	receptive
recession	3905	recession
recipe	3906	recipe
recipient	3902	recipient
reciprocal	3907	reciprocal
recitation	3908	recitation
recite	3908	recite
reckless	3909	reckless
reckon	3910	reckon
recognition	3911	recognition
recommend	3912	recommend
recommendation	3912	recommendation
reconcile	3913	reconcile
reconciliation	3913	reconciliation
reconciliatory	3913	reconciliatory
record	3914	record
recorder	3914	recorder
recording	3914	recording
recover	3915	recover
recovery	3915	recovery
recreation	3916	recreation
recreational	3916	recreational
recruit	3917	recruit
recruitment	3917	recruitment
rectification	3918	rectification
rectify	3918	rectify
recur	3919	recur
recurrence	3919	recurrence
recyclable	3920	recyclable
recycle	3920	recycle
red	3921	red
reduce	3922	reduce
reduction	3922	reduction
redundancy	3923	redundancy
redundant	3923	redundant
reel	3924	reel
refer	3925	refer
referee	3926	referee
reference	3925	reference
referendum	3927	referendum
refine	3928	refine
refinement	3928	refinement
refinery	3928	refinery
reflect	3929	reflect
reflection	3929	reflection
reflective	3929	reflective
reform	3930	reform
reformation	3930	reformation
reformist	3930	reformist
refrain	3931	refrain
refresh	3932	refresh
refreshment	3933	refreshment
refrigeration	3934	refrigeration
refuge	3935	refuge
refugee	3935	refugee
refund	3936	refund
refusal	3937	refusal
refuse	3937	refuse
refutation	3938	refutation
refute	3938	refute
regard	3939	regard
regarding	3940	regarding
regardless	3941	regardless
regime	3942	regime
regiment	3943	regiment
regimental	3943	regimental
region	3944	region
regional	3944	regional
register	3945	register
registrar	3945	registrar
registration	3945	registration
regret	3946	regret
regretful	3946	regretful
regrettable	3946	regrettable
regular	3947	regular
regularity	3947	regularity
regulate	3948	regulate
regulation	3948	regulation
regulator	3948	regulator
regulatory	3948	regulatory
rehabilitate	3949	rehabilitate
rehabilitation	3949	rehabilitation
rehearsal	3950	rehearsal
rehearse	3950	rehearse
reign	3951	reign
rein	3952	rein
reinforce	3953	reinforce
reinforcement	3953	reinforcement
reject	3954	reject
rejection	3954	rejection
rejoice	3955	rejoice
rejoicing	3955	rejoicing
relate	3956	relate
relation	3956	relation
relationship	3956	relationship
relative	3957	relative
relativity	3957	relativity
relax	3958	relax
relaxation	3958	relaxation
relay	3959	relay
release	3960	release
relentless	3961	relentless
relevance	3962	relevance
relevant	3962	relevant
reliable	3968	reliable
reliance	3968	reliance
relic	3963	relic
relief	3964	relief
relieve	3964	relieve
religion	3965	religion
religious	3965	religious
relish	3966	relish
reluctance	3967	reluctance
reluctant	3967	reluctant
rely	3968	rely
remain	3969	remain
remainder	3969	remainder
remark	3970	remark
remarkable	3970	remarkable
remedial	3971	remedial
remedy	3971	remedy
remember	3972	remember
remembrance	3972	remembrance
remind	3973	remind
reminder	3973	reminder
reminiscence	3974	reminiscence
reminiscent	3974	reminiscent
remnant	3975	remnant
remote	3976	remote
removal	3977	removal
remove	3977	remove
renaissance	3978	renaissance
render	3979	render
rendering	3979	rendering
renew	3980	renew
renewable	3980	renewable
renewal	3980	renewal
renovate	3981	renovate
renovation	3981	renovation
renown	3982	renown
renowned	3982	renowned
rent	3983	rent
rental	3983	rental
repair	3984	repair
reparable	3984	reparable
repay	3985	repay
repayment	3985	repayment
repeat	3986	repeat
repeatedly	3986	repeatedly
repel	3987	repel
repertoire	3988	repertoire
repetition	3986	repetition
repetitive	3986	repetitive
replace	3989	replace
replacement	3989	replacement
reply	3990	reply
report	3991	report
reporter	3991	reporter
represent	3992	represent
representation	3992	representation
representative	3992	representative
repress	3993	repress
repression	3993	repression
repressive	3993	repressive
reproach	3994	reproach
reproduce	3995	reproduce
reproduction	3995	reproduction
reproductive	3995	reproductive
republic	3996	republic
republican	3996	republican
reputable	3998	reputable
reputation	3997	reputation
repute	3998	repute
request	3999	request
require	4000	require
requirement	4000	requirement
rescue	4001	rescue
research	4002	research
researcher	4002	researcher
resemblance	4003	resemblance
resemble	4003	resemble
resent	4004	resent
resentment	4004	resentment
reservation	4005	reservation
reserve	4005	reserve
reserved	4005	reserved
reservoir	4006	reservoir
reshuffle	4007	reshuffle
reside	4008	reside
residence	4008	residence
resident	4008	resident
residential	4008	residential
resign	4009	resign
resignation	4009	resignation
resist	4010	resist
resistance	4010	resistance
resistant	4010	resistant
resolute	4011	resolute
resolution	4011	resolution
resolve	4011	resolve
resort	4012,4013	resort²,resort¹
resource	4014	resource
resourceful	4014	resourceful
respect	4015	respect
respectable	4015	respectable
respectful	4015	respectful
respective	4016	respective
respectively	4016	respectively
respond	4017	respond
respondent	4017	respondent
response	4017	response
responsibility	4018	responsibility
responsible	4018	responsible
responsive	4017	responsive
rest	4019,4020	rest²,rest¹
restaurant	4021	restaurant
restless	4022	restless
restoration	4023	restoration
restore	4023	restore
restrain	4024	restrain
restraint	4024	restraint
restrict	4025	restrict
restriction	4025	restriction
restrictive	4025	restrictive
result	4026	result
resultant	4026	resultant
resume	4027	resume
resumption	4027	resumption
retail	4029	retail
retailer	4029	retailer
retain	4030	retain
retaliate	4031	retaliate
retaliation	4031	retaliation
retarded	4032	retarded
retell	4033	retell
retelling	4033	retelling
retention	4030	retention
retire	4034	retire
retired	4034	retired
retirement	4034	retirement
retort	4035	retort
retreat	4036	retreat
retrieval	4037	retrieval
retrieve	4037	retrieve
retrospect	4038	retrospect
retrospective	4038	retrospective
return	4039	return
reunification	4040	reunification
reunion	4040	reunion
reunite	4040	reunite
reveal	4041	reveal
revelation	4041	revelation
revenge	4042	revenge
revengeful	4042	revengeful
revenue	4043	revenue
reversal	4044	reversal
reverse	4044	reverse
reversible	4044	reversible
review	4045	review
reviewer	4045	reviewer
revise	4046	revise
revision	4046	revision
revival	4047	revival
revive	4047	revive
revolt	4048	revolt
revolution	4049	revolution
revolutionary	4049	revolutionary
revolve	4050	revolve
reward	4051	reward
rewarding	4051	rewarding
rhetoric	4052	rhetoric
rhetorical	4052	rhetorical
rhythm	4053	rhythm
rhythmic	4053	rhythmic
rib	4054	rib
ribbon	4055	ribbon
rice	4056	rice
rich	4057	rich
rid	4058	rid
riddle	4059	riddle
ride	4060	ride
rider	4060	rider
ridge	4061	ridge
ridicule	4062	ridicule
ridiculous	4062	ridiculous
rifle	4063	rifle
rig	4064	rig
right	4065	right
rigid	4066	rigid
rigidity	4066	rigidity
rigorous	4067	rigorous
rim	4068	rim
ring	4069	ring
riot	4070	riot
riotous	4070	riotous
rip	4071	rip
ripe	4072	ripe
ripen	4072	ripen
rise	4073	rise
risk	4074	risk
risky	4074	risky
ritual	4075	ritual
rival	4076	rival
rivalry	4076	rivalry
river	4077	river
road	4078	road
roar	4079	roar
roast	4080	roast
rob	4081	rob
robbery	4081	robbery
robot	4082	robot
robotic	4082	robotic
robust	4083	robust
rock	4084	rock
rocket	4085	rocket
rocky	4084	rocky
rod	4086	rod
role	4087	role
roll	4088	roll
roller	4088	roller
romance	4089	romance
romantic	4089	romantic
roof	4090	roof
room	4091	room
root	4092	root
rope	4093	rope
rose	4094	rose
rosy	4094	rosy
rot	4095	rot
rotate	4096	rotate
rotation	4096	rotation
rotten	4095	rotten
rough	4097	rough
roughly	4097	roughly
round	4098	round
rouse	4099	rouse
route	4100	route
routine	4101	routine
row	4102,4103	row²,row¹
royal	4104	royal
royalty	4104	royalty
rub	4105	rub
rubber	4106	rubber
rubbish	4107	rubbish
rude	4108	rude
rug	4109	rug
ruin	4110	ruin
ruinous	4110	ruinous
rule	4111	rule
ruler	4111	ruler
ruling	4111	ruling
run	4113	run
runner	4113	runner
running	4113	running
runway	4114	runway
rural	4115	rural
rush	4116	rush
rust	4117	rust
rusty	4117	rusty
ruthless	4118	ruthless
sack	4119	sack
sacred	4120	sacred
sacrifice	4121	sacrifice
sacrificial	4121	sacrificial
sad	4122	sad
sadden	4122	sadden
saddle	4123	saddle
sadness	4122	sadness
safe	4124	safe
safeguard	4125	safeguard
safety	4124	safety
sail	4126	sail
sailing	4126	sailing
sailor	4126	sailor
saint	4127	saint
sake	4128	sake
salad	4129	salad
salary	4130	salary
sale	4131	sale
salesman	4132	salesman
salmon	4133	salmon
salon	4134	salon
salt	4135	salt
salty	4135	salty
salutation	4136	salutation
salute	4136	salute
salvage	4137	salvage
salvation	4138	salvation
same	4139	same
sample	4140	sample
sanction	4141	sanction
sanctuary	4142	sanctuary
sand	4143	sand
sandwich	4144	sandwich
sanitary	4145	sanitary
sanitation	4145	sanitation
sarcasm	4146	sarcasm
sarcastic	4146	sarcastic
satellite	4147	satellite
satire	4148	satire
satirical	4148	satirical
satirist	4148	satirist
satisfaction	4149	satisfaction
satisfactory	4149	satisfactory
satisfy	4149	satisfy
saturate	4150	saturate
saturation	4150	saturation
saturday	4151	Saturday
sauce	4152	sauce
sausage	4153	sausage
savage	4154	savage
save	4155	save
saving	4155	saving
say	4156	say
saying	4156	saying
scale	4157	scale
scan	4158	scan
scandal	4159	scandal
scandalous	4159	scandalous
scanner	4158	scanner
scar	4160	scar
scarce	4161	scarce
scarcely	4161	scarcely
scarcity	4161	scarcity
scare	4162	scare
scary	4162	scary
scatter	4163	scatter
scenario	4164	scenario
scene	4165	scene
scenery	4165	scenery
scenic	4165	scenic
scent	4166	scent
schedule	4167	schedule
scheme	4168	scheme
scholar	4169	scholar
scholarly	4169	scholarly
scholarship	4169	scholarship
scholastic	4169	scholastic
school	4170	school
schooling	4170	schooling
science	4171	science
scientific	4171	scientific
scientist	4171	scientist
scissors	4172	scissors
scold	4173	scold
scope	4174	scope
score	4175	score
scorn	4176	scorn
scornful	4176	scornful
scout	4177	scout
scramble	4178	scramble
scrap	4179	scrap
scrape	4180	scrape
scratch	4181	scratch
scream	4182	scream
screen	4183	screen
screw	4184	screw
script	4185	script
scripture	4185	scripture
scrub	4186	scrub
scrutiny	4187	scrutiny
sculpture	4188	sculpture
sea	4189	sea
seal	4190	seal
search	4191	search
season	4192	season
seasonal	4192	seasonal
seat	4193	seat
second	4194,4195	second²,second¹
second-hand	4197	second-hand
secondary	4196	secondary
secrecy	4198	secrecy
secret	4198	secret
secretarial	4199	secretarial
secretary	4199	secretary
secretive	4198	secretive
section	4200	section
sector	4201	sector
secular	4202	secular
secure	4203	secure
security	4203	security
seduce	4204	seduce
seduction	4204	seduction
seductive	4204	seductive
see	4205	see
seed	4206	seed
seedling	4206	seedling
seek	4207	seek
seem	4208	seem
seeming	4208	seeming
seemingly	4208	seemingly
segment	4209	segment
segmental	4209	segmental
segregate	4210	segregate
segregation	4210	segregation
seize	4211	seize
seizure	4211	seizure
seldom	4212	seldom
select	4213	select
selection	4213	selection
selective	4213	selective
self	4214	self
selfish	4214	selfish
selfless	4214	selfless
sell	4215	sell
semester	4216	semester
semi-colon	970	semi-colon
seminar	4217	seminar
senate	4218	senate
senator	4218	senator
send	4219	send
senior	4220	senior
seniority	4220	seniority
sensation	4221	sensation
sensational	4221	sensational
sense	4222	sense
sensible	4222	sensible
sensitive	4223	sensitive
sensitivity	4223	sensitivity
sensor	4222	sensor
sentence	4224	sentence
sentiment	4225	sentiment
sentimental	4225	sentimental
separate	4226	separate
separation	4226	separation
separatist	4226	separatist
september	4227	September
sequence	4228	sequence
sequential	4228	sequential
sergeant	4229	sergeant
serial	4230	serial
series	4231	series
serious	4232	serious
servant	4233	servant
serve	4234	serve
service	4234	service
serving	4234	serving
session	4235	session
set	4236	set
setback	4237	setback
setting	4238	setting
settle	4239	settle
settlement	4239	settlement
seven	4240	seven
seventeen	4241	seventeen
seventy	4242	seventy
several	4243	several
severe	4244	severe
severity	4244	severity
sew	4245	sew
sex	4246	sex
sexual	4246	sexual
sexy	4246	sexy
shabby	4247	shabby
shade	4248	shade
shadow	4249	shadow
shady	4248	shady
shaft	4250	shaft
shake	4251	shake
shaky	4251	shaky
shall	4252	shall
shallow	4253	shallow
shame	4254	shame
shameful	4254	shameful
shameless	4254	shameless
shape	4255	shape
share	4256	share
shark	4257	shark
sharp	4258	sharp
sharpen	4258	sharpen
shatter	4259	shatter
shave	4260	shave
shaver	4260	shaver
she	4261	she
shed	4262	shed
sheep	4263	sheep
sheer	4264	sheer
sheet	4265	sheet
shelf	4266	shelf
shell	4267	shell
shelter	4268	shelter
shepherd	4269	shepherd
shield	4270	shield
shift	4271	shift
shine	4272	shine
shiny	4272	shiny
ship	4273	ship
shipment	4273	shipment
shipping	4273	shipping
shipyard	4274	shipyard
shirt	4275	shirt
shit	4276	shit
shiver	4277	shiver
shock	4278	shock
shoe	4279	shoe
shoot	4280	shoot
shop	4281	shop
shopping	4281	shopping
shore	4282	shore
short	4283	short
shortage	4283	shortage
shortcoming	4284	shortcoming
shorthand	4285	shorthand
shortly	4286	shortly
shorts	4283	shorts
shot	4287	shot
should	4288	should
shoulder	4289	shoulder
shout	4290	shout
shove	4291	shove
show	4292	show
showcase	4293	showcase
shower	4294	shower
showy	4292	showy
shred	4295	shred
shrewd	4296	shrewd
shrimp	4297	shrimp
shrink	4298	shrink
shrub	4299	shrub
shrubbery	4299	shrubbery
shrug	4300	shrug
shut	4301	shut
shuttle	4302	shuttle
shy	4303	shy
shyly	4303	shyly
shyness	4303	shyness
sick	4304	sick
sicken	4304	sicken
side	4305	side
sideways	4306	sideways
siege	4307	siege
sigh	4308	sigh
sight	4309	sight
sightseeing	4310	sightseeing
sign	4311	sign
signal	4312	signal
signature	4311	signature
significance	4313	significance
significant	4313	significant
signify	4314	signify
silence	4315	silence
silent	4315	silent
silicon	4316	silicon
silk	4317	silk
silky	4317	silky
silver	4318	silver
silvery	4318	silvery
similar	4319	similar
similarity	4319	similarity
simple	4320	simple
simplicity	4320	simplicity
simplify	4320	simplify
simply	4320	simply
simulate	4321	simulate
simulation	4321	simulation
simultaneous	4322	simultaneous
sin	4323	sin
since	4324	since
sincere	4325	sincere
sincerity	4325	sincerity
sing	4326	sing
singer	4326	singer
single	4327	single
singular	4328	singular
singularity	4328	singularity
sinister	4329	sinister
sink	4330	sink
sip	4331	sip
sir	4332	sir
sister	4333	sister
sit	4334	sit
site	4335	site
sitting	4334	sitting
situate	4337	situate
situation	4336	situation
six	4338	six
sixteen	4339	sixteen
sixty	4340	sixty
sizable	4341	sizable
size	4341	size
skate	4342	skate
skating	4342	skating
skeleton	4343	skeleton
sketch	4345	sketch
sketchy	4345	sketchy
ski	4346	ski
skiing	4346	skiing
skill	4347	skill
skilled	4347	skilled
skim	4348	skim
skin	4349	skin
skinny	4349	skinny
skip	4350	skip
skirt	4351	skirt
skull	4352	skull
sky	4353	sky
skyline	4354	skyline
skyscraper	4355	skyscraper
slack	4356	slack
slam	4357	slam
slap	4358	slap
slash	4359	slash
slaughter	4360	slaughter
slave	4361	slave
slavery	4361	slavery
sleep	4362	sleep
sleepiness	4362	sleepiness
sleepy	4362	sleepy
sleeve	4363	sleeve
slender	4364	slender
slice	4365	slice
slide	4366	slide
slight	4367	slight
slightly	4367	slightly
slim	4368	slim
slip	4369	slip
slipper	4369	slipper
slippery	4369	slippery
slogan	4370	slogan
slope	4371	slope
slot	4372	slot
slow	4373	slow
slum	4374	slum
slump	4375	slump
small	4376	small
smart	4377	smart
smartphone	4378	smartphone
smash	4379	smash
smell	4380	smell
smelly	4380	smelly
smile	4381	smile
smog	4382	smog
smoggy	4382	smoggy
smoke	4383	smoke
smoky	4383	smoky
smooth	4384	smooth
smuggle	4385	smuggle
smuggler	4385	smuggler
smuggling	4385	smuggling
snack	4386	snack
snail	4387	snail
snake	4388	snake
snap	4389	snap
snatch	4390	snatch
sneak	4391	sneak
sniff	4392	sniff
snob	4393	snob
snobbish	4393	snobbish
snow	4394	snow
snowy	4394	snowy
so	4395	so
so-called	4401	so-called
soak	4396	soak
soap	4397	soap
soar	4398	soar
sob	4399	sob
soccer	4402	soccer
sociable	4403	sociable
social	4403	social
socialism	4404	socialism
socialist	4404	socialist
society	4403	society
sociologist	4405	sociologist
sociology	4405	sociology
sock	4406	sock
socket	4407	socket
soda	4408	soda
sodium	4409	sodium
sofa	4410	sofa
soft	4411	soft
soften	4411	soften
software	4412	software
soil	4413	soil
solar	4414	solar
soldier	4415	soldier
sole	4416	sole
solely	4416	solely
solemn	4417	solemn
solemnity	4417	solemnity
solicit	4418	solicit
solicitor	4418	solicitor
solid	4419	solid
solidarity	4420	solidarity
solidify	4419	solidify
solidity	4419	solidity
solitary	4421	solitary
solitude	4421	solitude
solo	4422	solo
soluble	4423	soluble
solution	4423	solution
solve	4423	solve
solvent	4423	solvent
some	4424	some
somebody	4425	somebody
somehow	4426	somehow
someone	4427	someone
something	4428	something
sometime	4429	sometime
sometimes	4430	sometimes
somewhat	4431	somewhat
somewhere	4432	somewhere
son	4433	son
song	4434	song
soon	4435	soon
soothe	4436	soothe
sophisticated	4437	sophisticated
sophistication	4437	sophistication
sore	4438	sore
sorrow	4439	sorrow
sorrowful	4439	sorrowful
sorry	4440	sorry
sort	4441	sort
soul	4442	soul
sound	4443,4444	sound²,sound¹
soup	4445	soup
sour	4446	sour
source	4447	source
south	4448	south
southeast	4449	southeast
southeastern	4449	southeastern
southern	4448	southern
southwest	4450	southwest
southwestern	4450	southwestern
souvenir	4451	souvenir
sovereign	4452	sovereign
sovereignty	4452	sovereignty
sow	4453	sow
space	4454	space
spacious	4454	spacious
spade	4456	spade
spaghetti	4457	spaghetti
span	4458	span
spare	4459	spare
sparingly	4459	sparingly
spark	4460	spark
sparkle	4461	sparkle
spatial	4454	spatial
speak	4462	speak
speaker	4462	speaker
spear	4463	spear
special	4464	special
specialist	4464	specialist
species	4466	species
specific	4467	specific
specifically	4467	specifically
specification	4468	specification
specify	4468	specify
specimen	4469	specimen
spectacle	4470	spectacle
spectacular	4470	spectacular
spectator	4471	spectator
spectrum	4472	spectrum
speculate	4473	speculate
speculation	4473	speculation
speculative	4473	speculative
speech	4474	speech
speechless	4474	speechless
speed	4475	speed
speeding	4475	speeding
speedy	4475	speedy
spell	4476	spell
spelling	4476	spelling
spend	4477	spend
spending	4477	spending
sphere	4478	sphere
spherical	4478	spherical
spice	4479	spice
spicy	4479	spicy
spider	4480	spider
spill	4481	spill
spin	4482	spin
spinal	4483	spinal
spine	4483	spine
spiral	4484	spiral
spirit	4485	spirit
spiritual	4485	spiritual
spit	4486	spit
spite	4487	spite
splash	4488	splash
splendid	4489	splendid
split	4490	split
spoil	4491	spoil
spokesperson	4492	spokesperson
sponge	4493	sponge
spongy	4493	spongy
sponsor	4494	sponsor
sponsorship	4494	sponsorship
spontaneity	4495	spontaneity
spontaneous	4495	spontaneous
spoon	4496	spoon
spoonful	4496	spoonful
sport	4497	sport
spot	4499	spot
spotlight	4500	spotlight
spouse	4501	spouse
sprawl	4502	sprawl
spray	4503	spray
spread	4504	spread
spring	4505	spring
sprinkle	4506	sprinkle
spur	4507	spur
spy	4508	spy
squad	4509	squad
square	4510	square
squeeze	4511	squeeze
stab	4512	stab
stability	4513	stability
stable	4513	stable
stack	4514	stack
stadium	4515	stadium
staff	4516	staff
stage	4517	stage
stagger	4518	stagger
stagnant	4519	stagnant
stagnate	4519	stagnate
stagnation	4519	stagnation
stain	4520	stain
stainless	4520	stainless
stair	4521	stair
staircase	4522	staircase
stake	4523	stake
stale	4524	stale
stalk	4525	stalk
stall	4526	stall
stammer	4527	stammer
stamp	4528,4529	stamp²,stamp¹
stance	4530	stance
stand	4531	stand
standard	4532	standard
standby	4533	standby
standpoint	4534	standpoint
staple	4535,4536	staple²,staple¹
stapler	4536	stapler
star	4537	star
stare	4538	stare
stark	4539	stark
starry	4537	starry
start	4540	start
starter	4540	starter
startle	4541	startle
starvation	4542	starvation
starve	4542	starve
state	4543	state
statement	4543	statement
statesman	4544	statesman
static	4545	static
station	4546	station
stationary	4546	stationary
stationery	4547	stationery
statistic	4548	statistic
statistical	4548	statistical
statue	4549	statue
status	4550	status
statute	4551	statute
statutory	4551	statutory
stay	4552	stay
steadily	4553	steadily
steady	4553	steady
steak	4554	steak
steal	4555	steal
steam	4556	steam
steamer	4556	steamer
steamy	4556	steamy
steel	4557	steel
steep	4558	steep
steer	4559	steer
stem	4560,4561	stem²,stem¹
step	4562	step
stereotype	4563	stereotype
stern	4564	stern
stick	4566,4567	stick²,stick¹
sticky	4567	sticky
stiff	4568	stiff
stiffen	4568	stiffen
stifle	4569	stifle
stigma	4570	stigma
still	4571,4572	still²,still¹
stimulant	4573	stimulant
stimulate	4573	stimulate
stimulation	4573	stimulation
stimulus	4573	stimulus
sting	4574	sting
stipulate	4575	stipulate
stipulation	4575	stipulation
stir	4576	stir
stitch	4577	stitch
stock	4578	stock
stocking	4579	stocking
stomach	4580	stomach
stone	4581	stone
stony	4581	stony
stool	4582	stool
stoop	4583	stoop
stop	4584	stop
stoppage	4584	stoppage
storage	4586	storage
store	4585,4586	store²,store¹
storm	4587	storm
stormy	4587	stormy
story	4588	story¹
stout	4590	stout
stove	4591	stove
straight	4592	straight
straighten	4592	straighten
straightforward	4593	straightforward
strain	4594,4595	strain²,strain¹
strait	4596	strait
strand	4597	strand
strange	4598	strange
stranger	4598	stranger
strangle	4599	strangle
strap	4600	strap
strategic	4601	strategic
strategy	4601	strategy
straw	4602	straw
stray	4603	stray
streak	4604	streak
stream	4605	stream
streamline	4606	streamline
street	4607	street
strength	4620	strength
strengthen	4620	strengthen
stress	4608	stress
stressful	4608	stressful
stretch	4609	stretch
strict	4610	strict
stride	4611	stride
strike	4612	strike
striking	4612	striking
string	4613	string
strip	4614	strip
stripe	4615	stripe
strive	4616	strive
stroke	4617,4618	stroke²,stroke¹
stroll	4619	stroll
strong	4620	strong
structural	4621	structural
structure	4621	structure
struggle	4622	struggle
stubborn	4623	stubborn
student	4624	student
studio	4625	studio
study	4626	study
stuff	4627	stuff
stuffing	4627	stuffing
stuffy	4627	stuffy
stumble	4628	stumble
stump	4629	stump
stun	4630	stun
stunning	4630	stunning
stupid	4631	stupid
stupidity	4631	stupidity
sturdy	4632	sturdy
style	4633	style
stylish	4633	stylish
subject	4634,4635	subject²,subject¹
subjective	4636	subjective
submarine	4637	submarine
submerge	4638	submerge
submission	4639	submission
submissive	4639	submissive
submit	4639	submit
subordinate	4640	subordinate
subordination	4640	subordination
subscribe	4641	subscribe
subscriber	4641	subscriber
subscription	4641	subscription
subsequent	4642	subsequent
subsidy	4643	subsidy
subsistence	4644	subsistence
substance	4645	substance
substantial	4645	substantial
substitute	4646	substitute
substitution	4646	substitution
subtle	4647	subtle
subtlety	4647	subtlety
subtract	4648	subtract
subtraction	4648	subtraction
suburb	4649	suburb
suburban	4649	suburban
subway	4650	subway
succeed	4651	succeed
success	4652	success
successful	4652	successful
succession	4651	succession
successive	4651	successive
successor	4651	successor
such	4653	such
suck	4654	suck
sudden	4655	sudden
suddenly	4655	suddenly
sue	4656	sue
suffer	4657	suffer
suffering	4657	suffering
suffice	4658	suffice
sufficient	4659	sufficient
sugar	4660	sugar
suggest	4661	suggest
suggestion	4661	suggestion
suggestive	4661	suggestive
suicidal	4662	suicidal
suicide	4662	suicide
suit	4663,4664	suit²,suit¹
suitable	4663	suitable
suitcase	4665	suitcase
suite	4666	suite
sum	4668	sum
summary	4669	summary
summer	4670	summer
summit	4671	summit
summon	4672	summon
sun	4673	sun
sunday	4674	Sunday
sunlight	4675	sunlight
sunny	4673	sunny
sunrise	4676	sunrise
sunset	4677	sunset
sunshine	4678	sunshine
super	4679	super
superb	4680	superb
superficial	4681	superficial
superintendent	4682	superintendent
superior	4683	superior
superiority	4683	superiority
supermarket	4684	supermarket
superstition	4685	superstition
superstitious	4685	superstitious
supervise	4686	supervise
supervision	4686	supervision
supervisor	4686	supervisor
supper	4687	supper
supplement	4688	supplement
supplementary	4688	supplementary
supplier	4689	supplier
supply	4689	supply
support	4690	support
supporter	4690	supporter
supportive	4690	supportive
suppose	4691	suppose
supposedly	4691	supposedly
supposition	4691	supposition
suppress	4692	suppress
suppression	4692	suppression
suppressive	4692	suppressive
supremacy	4693	supremacy
supreme	4693	supreme
sure	4694	sure
surf	4695	surf
surface	4696	surface
surfing	4695	surfing
surge	4697	surge
surgeon	4698	surgeon
surgery	4698	surgery
surgical	4698	surgical
surname	4699	surname
surpass	4700	surpass
surplus	4701	surplus
surprise	4702	surprise
surrender	4703	surrender
surround	4704	surround
surroundings	4704	surroundings
surveillance	4705	surveillance
survey	4706	survey
survival	4707	survival
survive	4707	survive
survivor	4707	survivor
susceptible	4708	susceptible
suspect	4709	suspect
suspend	4710	suspend
suspense	4710	suspense
suspension	4710	suspension
suspicion	4711	suspicion
suspicious	4711	suspicious
sustain	4712	sustain
sustainability	4712	sustainability
sustainable	4712	sustainable
swallow	4713,4714	swallow²,swallow¹
swamp	4715	swamp
swap	4716	swap
sway	4717	sway
swear	4718	swear
sweat	4719	sweat
sweater	4719	sweater
sweep	4720	sweep
sweet	4721	sweet
swell	4722	swell
swift	4723	swift
swim	4724	swim
swimmer	4724	swimmer
swimming	4724	swimming
swing	4725	swing
swipe	4726	swipe
switch	4727	switch
sword	4728	sword
symbol	4729	symbol
symmetry	4730	symmetry
sympathetic	4731	sympathetic
sympathy	4731	sympathy
symphony	4732	symphony
symposium	4733	symposium
symptom	4734	symptom
syndicate	4735	syndicate
syndrome	4736	syndrome
synonym	4737	synonym
synthesis	4738	synthesis
synthetic	4738	synthetic
system	4739	system
systematic	4739	systematic
systematically	4739	systematically
table	4740	table
tablet	4741	tablet
taboo	4742	taboo
tack	4743	tack
tackle	4744	tackle
tact	4745	tact
tactful	4745	tactful
tactic	4746	tactic
tag	4747	tag
tail	4748	tail
tailor	4749	tailor
take	4750	take
takeoff	4751	takeoff
tale	4752	tale
talent	4753	talent
talented	4753	talented
talk	4754	talk
talkative	4754	talkative
tall	4755	tall
tame	4756	tame
tan	4757	tan
tangible	4758	tangible
tangle	4759	tangle
tank	4760	tank
tanker	4761	tanker
tap	4762	tap
tape	4763	tape
target	4764	target
tariff	4765	tariff
task	4766	task
taste	4767	taste
tasty	4767	tasty
tax	4768	tax
taxation	4768	taxation
taxi	4769	taxi
tea	4770	tea
teach	4771	teach
teacher	4771	teacher
teaching	4771	teaching
team	4772	team
tear	4773,4774	tear²,tear¹
tease	4775	tease
technical	4776	technical
technician	4776	technician
technique	4777	technique
technological	4778	technological
tedious	4779	tedious
teen	4780	teen
teenager	4781	teenager
telecommunications	4782	telecommunications
telescope	4784	telescope
telescopic	4784	telescopic
tell	4786	tell
teller	4787	teller
telling	4786	telling
temper	4788	temper
temperament	4789	temperament
temperature	4790	temperature
temple	4791	temple
tempo	4792	tempo
temporal	4793	temporal
temporarily	4794	temporarily
temporary	4794	temporary
tempt	4795	tempt
temptation	4795	temptation
ten	4796	ten
tenant	4797	tenant
tend	4798	tend
tendency	4798	tendency
tender	4799	tender
tennis	4800	tennis
tense	4801,4802	tense²,tense¹
tension	4801	tension
tent	4803	tent
tentative	4804	tentative
tenure	4805	tenure
term	4806	term
terminal	4807	terminal
terminate	4808	terminate
termination	4808	termination
terrace	4809	terrace
terrain	4810	terrain
terrible	4811	terrible
terribly	4811	terribly
terrific	4812	terrific
terrify	4814	terrify
territorial	4813	territorial
territory	4813	territory
terror	4814	terror
terrorism	4814	terrorism
terrorist	4814	terrorist
tertiary	4815	tertiary
test	4816	test
testify	4817	testify
testimony	4818	testimony
text	4819	text
textbook	4820	textbook
textile	4821	textile
texture	4822	texture
than	4823	than
thank	4824	thank
thankful	4824	thankful
thanksgiving	4825	Thanksgiving
that	4826	that
the	4827	the
theatrical	4828	theatrical
theft	4829	theft
their	4830	their
theirs	4831	theirs
them	4832	them
theme	4833	theme
themselves	4834	themselves
then	4835	then
theoretical	4836	theoretical
theory	4836	theory
therapist	4837	therapist
therapy	4837	therapy
there	4838	there
thereby	4839	thereby
therefore	4840	therefore
thermal	4841	thermal
thermometer	4842	thermometer
these	4843	these
thesis	4844	thesis
they	4845	they
thick	4846	thick
thief	4847	thief
thigh	4848	thigh
thin	4849	thin
thing	4850	thing
think	4851	think
thinking	4851	thinking
third	4852	third
thirst	4853	thirst
thirsty	4853	thirsty
thirteen	4854	thirteen
thirty	4855	thirty
this	4856	this
thorn	4857	thorn
thorny	4857	thorny
thorough	4858	thorough
those	4859	those
though	4860	though
thought	4861	thought
thoughtful	4861	thoughtful
thousand	4862	thousand
thread	4863	thread
threat	4864	threat
threaten	4864	threaten
three	4865	three
threshold	4866	threshold
thrift	4867	thrift
thrifty	4867	thrifty
thrill	4868	thrill
thriller	4868	thriller
thrive	4869	thrive
throat	4870	throat
throne	4871	throne
through	4872	through
throughout	4873	throughout
throw	4874	throw
thrust	4875	thrust
thumb	4876	thumb
thunder	4877	thunder
thunderous	4877	thunderous
thursday	4878	Thursday
thus	4879	thus
tick	4880	tick
ticket	4881	ticket
tickle	4882	tickle
tidal	4883	tidal
tide	4883	tide
tidy	4884	tidy
tie	4885	tie
tiger	4886	tiger
tight	4887	tight
tighten	4887	tighten
tigress	4886	tigress
tile	4888	tile
till	4889	till
tilt	4890	tilt
timber	4891	timber
time	4892	time
timely	4892	timely
timid	4893	timid
timing	4892	timing
tin	4894	tin
tiny	4895	tiny
tip	4896	tip
tire	4897	tire
tired	4897	tired
tireless	4897	tireless
tiresome	4897	tiresome
tiring	4897	tiring
tissue	4898	tissue
title	4899	title
to	35,3367,3417,4900	to
toast	4901	toast
tobacco	4902	tobacco
today	4903	today
toe	4904	toe
together	4905	together
toil	4906	toil
toilet	4907	toilet
token	4908	token
tolerable	4909	tolerable
tolerance	4909	tolerance
tolerant	4909	tolerant
tolerate	4909	tolerate
toll	4910	toll
tomato	4911	tomato
tomorrow	4912	tomorrow
ton	4913	ton
tone	4914	tone
tongue	4915	tongue
tonight	4916	tonight
tonnage	4913	tonnage
too	4917	too
tool	4918	tool
tooth	4919	tooth
top	4920	top
topic	4921	topic
topical	4921	topical
topple	4922	topple
torch	4923	torch
tornado	4924	tornado
torture	4925	torture
toss	4926	toss
total	4927	total
touch	4928	touch
tough	4929	tough
tour	4930	tour
tourism	4930	tourism
tourist	4930	tourist
tournament	4931	tournament
tow	4932	tow
towel	4934	towel
tower	4935	tower
town	4936	town
township	4936	township
toxic	4937	toxic
toy	4938	toy
trace	4939	trace
track	4940	track
tract	4941	tract
tractor	4942	tractor
trade	4943	trade
trademark	4944	trademark
tradition	4945	tradition
traditional	4945	traditional
traffic	4946	traffic
trafficking	4946	trafficking
tragedy	4947	tragedy
tragic	4947	tragic
tragically	4947	tragically
trail	4948	trail
trailer	4948	trailer
train	4949	train
trainee	4949	trainee
trainer	4949	trainer
training	4949	training
trait	4950	trait
tram	4951	tram
tranquil	4952	tranquil
tranquility	4952	tranquility
transaction	4953	transaction
transcend	4954	transcend
transcript	4955	transcript
transfer	4956	transfer
transference	4956	transference
transform	4957	transform
transformation	4957	transformation
transient	4958	transient
transistor	4959	transistor
transit	4960	transit
transition	4961	transition
transitional	4961	transitional
translate	4962	translate
translation	4962	translation
translator	4962	translator
transmission	4963	transmission
transmit	4963	transmit
transmitter	4963	transmitter
transparency	4964	transparency
transparent	4964	transparent
transplant	4965	transplant
transplantation	4965	transplantation
transport	4966	transport
transportation	4966	transportation
trap	4967	trap
trash	4968	trash
trauma	4969	trauma
traumatic	4969	traumatic
travel	4970	travel
tray	4971	tray
tread	4972	tread
treasure	4973	treasure
treasurer	4974	treasurer
treasury	4974	treasury
treat	4975	treat
treatment	4975	treatment
treaty	4976	treaty
tree	4977	tree
trek	4978	trek
tremble	4979	tremble
tremendous	4980	tremendous
trench	4981	trench
trend	4982	trend
trial	4983,5010	trial
triangle	4984	triangle
triangular	4984	triangular
tribal	4985	tribal
tribe	4985	tribe
tribune	4986	tribune
tribute	4987	tribute
trick	4988	trick
trickle	4989	trickle
tricky	4988	tricky
trifle	4990	trifle
trigger	4991	trigger
trillion	4992	trillion
trim	4993	trim
trip	4994	trip
triple	4995	triple
triumph	4996	triumph
triumphant	4996	triumphant
trivial	4997	trivial
trolley	4998	trolley
troop	4999	troop
trophy	5000	trophy
tropic	5001	tropic
tropical	5001	tropical
trouble	5002	trouble
troublesome	5002	troublesome
trousers	5003	trousers
truck	5004	truck
true	5005	true
truly	5005	truly
trumpet	5006	trumpet
trunk	5007	trunk
trust	5008	trust
trustee	5008	trustee
truth	5009	truth
truthful	5009	truthful
try	5010	try
trying	5010	trying
tub	5011	tub
tube	5012	tube
tuck	5013	tuck
tuesday	5014	Tuesday
tug	5015	tug
tuition	5016	tuition
tumble	5017	tumble
tune	5019	tune
tunnel	5020	tunnel
turbulence	5021	turbulence
turbulent	5021	turbulent
turkey	5022	turkey
turmoil	5023	turmoil
turn	5024	turn
turnout	5025	turnout
turnover	5026	turnover
turtle	5027	turtle
tutor	5028	tutor
tutorial	5028	tutorial
twelfth	5029	twelfth
twelve	5029	twelve
twentieth	5030	twentieth
twenty	5030	twenty
twice	5031	twice
twin	5032	twin
twist	5033	twist
two	5034	two
type	5035	type
typewriter	5036	typewriter
typical	5037	typical
typist	5035	typist
ugliness	5039	ugliness
ugly	5039	ugly
ultimate	5040	ultimate
ultimately	5040	ultimately
ultra	5041	ultra
umbrella	5042	umbrella
unanimous	5043	unanimous
uncertain	5044	uncertain
uncertainty	5044	uncertainty
uncle	5045	uncle
uncover	5046	uncover
under	5047	under
underdeveloped	5048	underdeveloped
underestimate	5049	underestimate
undergo	5050	undergo
undergraduate	5051	undergraduate
underground	5052	underground
underlie	5053	underlie
underline	5054	underline
underlying	5053	underlying
undermine	5055	undermine
underneath	5056	underneath
understand	5057	understand
understanding	5057	understanding
undertake	5058	undertake
undertaking	5058	undertaking
underwear	5059	underwear
undo	5060	undo
undoubtedly	5061	undoubtedly
uneasy	5062	uneasy
unemployed	5063	unemployed
unemployment	5063	unemployment
unfold	5064	unfold
unification	5066	unification
uniform	5065	uniform
uniformity	5065	uniformity
unify	5066	unify
unilateral	5067	unilateral
union	5068	union
unique	5069	unique
unit	5070	unit
unite	5071	unite
unity	5071	unity
universal	5072	universal
universe	5072	universe
university	5073	university
unleash	5074	unleash
unless	5075	unless
unprecedented	5076	unprecedented
until	5077	until
unveil	5078	unveil
up	5079	up
up-to-date	5090	up-to-date
update	5080	update
upgrade	5081	upgrade
uphold	5082	uphold
upload	5083	upload
upon	5084	upon
upper	5085	upper
upright	5086	upright
uprising	5087	uprising
upset	5088	upset
upstairs	5089	upstairs
upward	5091	upward
upwards	5091	upwards
uranium	5092	uranium
urban	5093	urban
urge	5094	urge
urgency	5095	urgency
urgent	5095	urgent
urinate	5096	urinate
urine	5096	urine
us	5097	us
usage	5098	usage
use	5099	use
used	5100	used
useful	5099	useful
useless	5099	useless
user	5099	user
usual	5101	usual
usually	5101	usually
utility	5102	utility
utmost	5104	utmost
utter	5105,5106	utter²,utter¹
utterly	5106	utterly
vacancy	5107	vacancy
vacant	5107	vacant
vacation	5108	vacation
vaccinate	5109	vaccinate
vaccination	5109	vaccination
vaccine	5109	vaccine
vacuum	5110	vacuum
vague	5111	vague
vain	5112	vain
valid	5113	valid
validate	5113	validate
validity	5113	validity
valley	5114	valley
valuable	5115	valuable
value	5115	value
valve	5116	valve
van	5117	van
vanish	5118	vanish
vanity	5112	vanity
variable	5121	variable
variant	5121	variant
variation	5121	variation
variety	5120	variety
various	5120	various
vary	5121	vary
vast	5122	vast
vegetable	5123	vegetable
vegetarian	5123	vegetarian
vegetation	5124	vegetation
vehicle	5125	vehicle
veil	5126	veil
vein	5127	vein
velocity	5128	velocity
velvet	5129	velvet
vendor	5130	vendor
vent	5131	vent
ventilate	5132	ventilate
ventilation	5132	ventilation
venture	5133	venture
venue	5134	venue
verb	5135	verb
verbal	5135	verbal
verdict	5136	verdict
verge	5137	verge
verification	5138	verification
verify	5138	verify
versatile	5139	versatile
verse	5140	verse
version	5141	version
versus	5142	versus
vertical	5143	vertical
very	5144	very
vessel	5145	vessel
vest	5146	vest
veteran	5147	veteran
veto	5148	veto
via	5149	via
viable	5150	viable
vibrate	5151	vibrate
vibration	5151	vibration
vice	5152	vice
vicinity	5153	vicinity
vicious	5154	vicious
victim	5155	victim
victimize	5155	victimize
victorious	5156	victorious
victory	5156	victory
video	5157	video
view	5158	view
viewpoint	5159	viewpoint
vigor	5160	vigor
vigorous	5160	vigorous
village	5161	village
villager	5161	villager
vinegar	5162	vinegar
violate	5163	violate
violation	5163	violation
violence	5164	violence
violent	5164	violent
violin	5165	violin
violinist	5165	violinist
virgin	5166	virgin
virginity	5166	virginity
virtual	5167	virtual
virtually	5167	virtually
virtue	5168	virtue
virtuous	5168	virtuous
virus	5169	virus
visa	5170	visa
visibility	5171	visibility
visible	5171	visible
vision	5172	vision
visionary	5172	visionary
visit	5173	visit
visitor	5173	visitor
visual	5174	visual
vital	5175	vital
vitality	5175	vitality
vitamin	5176	vitamin
vivid	5177	vivid
vocabulary	5178	vocabulary
vocal	5179	vocal
vocation	5180	vocation
vocational	5180	vocational
vogue	5181	vogue
voice	5182	voice
void	5183	void
volatile	5184	volatile
volatility	5184	volatility
volcanic	5185	volcanic
volcano	5185	volcano
volleyball	5186	volleyball
volt	5187	volt
voltage	5187	voltage
volume	5188	volume
voluminous	5188	voluminous
voluntary	5189	voluntary
volunteer	5189	volunteer
vote	5190	vote
voter	5190	voter
voucher	5191	voucher
vow	5192	vow
voyage	5193	voyage
vulgar	5194	vulgar
vulnerability	5195	vulnerability
vulnerable	5195	vulnerable
wage	5196	wage
waist	5198	waist
wait	5199	wait
waive	5200	waive
waiver	5200	waiver
wake	5201	wake
waken	5201	waken
walk	5202	walk
wall	5203	wall
wallet	5204	wallet
wander	5205	wander
want	5206	want
war	5207	war
ward	5208	ward
wardrobe	5209	wardrobe
ware	5210	ware
warehouse	5211	warehouse
warfare	5212	warfare
warm	5213	warm
warmth	5213	warmth
warn	5214	warn
warning	5214	warning
warrant	5215	warrant
warranty	5216	warranty
warrior	5217	warrior
wary	5218	wary
wash	5219	wash
washing	5219	washing
waste	5220	waste
wasteful	5220	wasteful
watch	5221	watch
watchful	5221	watchful
water	5222	water
waterproof	5223	waterproof
watertight	5224	watertight
watt	5225	watt
wave	5226	wave
wavy	5226	wavy
wax	5227	wax
way	5228	way
we	5229	we
weak	5230	weak
weaken	5230	weaken
weakness	5230	weakness
wealth	5231	wealth
wealthy	5231	wealthy
weapon	5232	weapon
wear	5233	wear
weariness	5234	weariness
weary	5234	weary
weather	5235	weather
weave	5236	weave
web	5237	web
webcast	5238	webcast
website	5239	website
wed	5240	wed
wedding	5240	wedding
wedge	5241	wedge
wednesday	5242	Wednesday
weed	5243	weed
week	5244	week
weekday	5245	weekday
weekend	5246	weekend
weekly	5244	weekly
weep	5247	weep
weigh	5248	weigh
weight	5248	weight
weird	5249	weird
welcome	5250	welcome
welfare	5251	welfare
well	5252,5253	well²,well¹
well-being	5254	well-being
well-known	5255	well-known
well-off	5256	well-off
west	5257	west
western	5257	western
westerner	5257	westerner
wet	5258	wet
whale	5259	whale
wharf	5260	wharf
what	5261	what
whatever	5261	whatever
whatsoever	5261	whatsoever
wheat	5262	wheat
wheel	5263	wheel
when	5264	when
whenever	5264	whenever
where	5265	where
whereabouts	5266	whereabouts
whereas	5267	whereas
whereby	5268	whereby
wherever	5265	wherever
whether	5269	whether
which	5270	which
whichever	5270	whichever
whip	5272	whip
whirl	5273	whirl
whisky	5274	whisky
whisper	5275	whisper
whistle	5276	whistle
white	5277	white
who	5278	who
whoever	5278	whoever
whole	5279	whole
wholesale	5280	wholesale
wholesome	5281	wholesome
wholly	5279	wholly
whom	5282	whom
whose	5283	whose
why	5284	why
wicked	5285	wicked
wide	5286	wide
widen	5286	widen
widespread	5287	widespread
widow	5288	widow
widower	5288	widower
width	5286	width
wield	5289	wield
wife	5290	wife
wild	5291	wild
wilderness	5292	wilderness
wildlife	5293	wildlife
will	5294	will
willing	5294	willing
willingness	5294	willingness
willpower	5295	willpower
win	5296	win
wind	5297,5298	wind²,wind¹
window	5299	window
windy	5297	windy
wine	5300	wine
winery	5300	winery
wing	5301	wing
wink	5302	wink
winner	5296	winner
winter	5303	winter
wipe	5304	wipe
wire	5305	wire
wireless	5305	wireless
wisdom	5306	wisdom
wise	5306	wise
wish	5307	wish
wit	5308	wit
witch	5309	witch
with	5310	with
withdraw	5311	withdraw
withdrawal	5311	withdrawal
wither	5312	wither
withhold	5313	withhold
within	5314	within
without	5315	without
withstand	5316	withstand
witness	5317	witness
witty	5308	witty
wolf	5318	wolf
woman	5319	woman
wonder	5320	wonder
wonderful	5320	wonderful
wood	5321	wood
wooden	5321	wooden
wool	5322	wool
word	5323	word
wording	5323	wording
work	5324	work
worker	5324	worker
workforce	5325	workforce
workout	5326	workout
workshop	5327	workshop
world	5328	world
worldwide	5329	worldwide
worm	5330	worm
worried	5331	worried
worry	5331	worry
worse	5332	worse
worship	5333	worship
worst	5334	worst
worth	5335	worth
worthiness	5337	worthiness
worthless	5335	worthless
worthwhile	5336	worthwhile
worthy	5337	worthy
would	5338	would
wound	5339	wound
wrap	5340	wrap
wrapping	5340	wrapping
wreck	5341	wreck
wreckage	5341	wreckage
wrench	5342	wrench
wrestle	5343	wrestle
wrestling	5343	wrestling
wretched	5344	wretched
wrinkle	5345	wrinkle
wrist	5346	wrist
write	5347	write
writer	5347	writer
writing	5347	writing
wrong	5348	wrong
x-ray	5349	x-ray
yacht	5350	yacht
yard	5351	yard
yawn	5352	yawn
yeah	5357	yeah
year	5353	year
yearly	5353	yearly
yearn	5354	yearn
yearning	5354	yearning
yell	5355	yell
yellow	5356	yellow
yes	5357	yes
yesterday	5358	yesterday
yet	5359	yet
yield	5360	yield
yoga	5361	yoga
yoghurt	5362	yoghurt
you	5363	you
young	5364	young
youngster	5365	youngster
your	5366	your
yours	5367	yours
yourself	5368	yourself
yourselves	5368	yourselves
youth	5369	youth
youthful	5369	youthful
zeal	5370	zeal
zealous	5370	zealous
zero	5371	zero
zigzag	5372	zigzag
zip	5373	zip
zipper	5373	zipper
zone	5374	zone
zoo	5375	zoo
zoological	5376	zoological
zoology	5376	zoology
zoom	5377	zoom
